JDTDB,Calendar_Date,X,Y,Z
2460810.5,A.D. 2025-May-15 00:00:00.0000,138324650.73913985,-899419717.4546434,53471846.364438236
2460810.75,A.D. 2025-May-15 06:00:00.0000,137808631.88928944,-898221766.6275941,53418030.1550507
2460811.0,A.D. 2025-May-15 12:00:00.0000,137292601.72487488,-897023742.135862,53364209.56317315
2460811.25,A.D. 2025-May-15 18:00:00.0000,136776560.24108025,-895825643.7704022,53310384.57494428
2460811.5,A.D. 2025-May-16 00:00:00.0000,136260507.43318513,-894627471.321298,53256555.17643812
2460811.75,A.D. 2025-May-16 06:00:00.0000,135744443.29656556,-893429224.5777587,53202721.353664726
2460812.0,A.D. 2025-May-16 12:00:00.0000,135228367.82669583,-892230903.3281119,53148883.09256862
2460812.25,A.D. 2025-May-16 18:00:00.0000,134712281.01914942,-891032507.3598006,53095040.37902948
2460812.5,A.D. 2025-May-17 00:00:00.0000,134196182.86960022,-889834036.4593778,53041193.19886102
2460812.75,A.D. 2025-May-17 06:00:00.0000,133680073.37382407,-888635490.4125022,52987341.53781113
2460813.0,A.D. 2025-May-17 12:00:00.0000,133163952.52769966,-887436869.0039316,52933485.381561
2460813.25,A.D. 2025-May-17 18:00:00.0000,132647820.32721062,-886238172.0175207,52879624.71572504
2460813.5,A.D. 2025-May-18 00:00:00.0000,132131676.76844613,-885039399.236213,52825759.52585019
2460813.75,A.D. 2025-May-18 06:00:00.0000,131615521.8476024,-883840550.4420385,52771889.79741567
2460814.0,A.D. 2025-May-18 12:00:00.0000,131099355.56098458,-882641625.4161068,52718015.51583265
2460814.25,A.D. 2025-May-18 18:00:00.0000,130583177.90500742,-881442623.9386036,52664136.66644361
2460814.5,A.D. 2025-May-19 00:00:00.0000,130066988.87619747,-880243545.7887836,52610253.23452222
2460814.75,A.D. 2025-May-19 06:00:00.0000,129550788.47119366,-879044390.7449672,52556365.20527259
2460815.0,A.D. 2025-May-19 12:00:00.0000,129034576.68674947,-877845158.5845343,52502472.563828886
2460815.25,A.D. 2025-May-19 18:00:00.0000,128518353.51973408,-876645849.0839196,52448575.29525517
2460815.5,A.D. 2025-May-20 00:00:00.0000,128002118.96713375,-875446462.0186064,52394673.38454464
2460815.75,A.D. 2025-May-20 06:00:00.0000,127485873.02605365,-874246997.1631228,52340766.81661967
2460816.0,A.D. 2025-May-20 12:00:00.0000,126969615.69371906,-873047454.2910346,52286855.57633058
2460816.25,A.D. 2025-May-20 18:00:00.0000,126453346.96747702,-871847833.174941,52232939.64845595
2460816.5,A.D. 2025-May-21 00:00:00.0000,125937066.84479782,-870648133.5864694,52179019.01770187
2460816.75,A.D. 2025-May-21 06:00:00.0000,125420775.32327689,-869448355.2962686,52125093.668701224
2460817.0,A.D. 2025-May-21 12:00:00.0000,124904472.40063581,-868248498.0740048,52071163.5860139
2460817.25,A.D. 2025-May-21 18:00:00.0000,124388158.07472445,-867048561.6883551,52017228.754125714
2460817.5,A.D. 2025-May-22 00:00:00.0000,123871832.34352224,-865848545.9070016,51963289.15744817
2460817.75,A.D. 2025-May-22 06:00:00.0000,123355495.20513983,-864648450.4966273,51909344.78031828
2460818.0,A.D. 2025-May-22 12:00:00.0000,122839146.65782097,-863448275.2229081,51855395.60699739
2460818.25,A.D. 2025-May-22 18:00:00.0000,122322786.69994397,-862248019.8505093,51801441.62167173
2460818.5,A.D. 2025-May-23 00:00:00.0000,121806415.33002335,-861047684.1430775,51747482.80845092
2460818.75,A.D. 2025-May-23 06:00:00.0000,121290032.54671179,-859847267.8632374,51693519.1513681
2460819.0,A.D. 2025-May-23 12:00:00.0000,120773638.34880126,-858646770.7725838,51639550.63437942
2460819.25,A.D. 2025-May-23 18:00:00.0000,120257232.73522551,-857446192.6316763,51585577.24136332
2460819.5,A.D. 2025-May-24 00:00:00.0000,119740815.70506123,-856245533.2000338,51531598.95612014
2460819.75,A.D. 2025-May-24 06:00:00.0000,119224387.25752987,-855044792.2361274,51477615.76237212
2460820.0,A.D. 2025-May-24 12:00:00.0000,118707947.3919997,-853843969.4973758,51423627.6437619
2460820.25,A.D. 2025-May-24 18:00:00.0000,118191496.10798708,-852643064.7401376,51369634.583852984
2460820.5,A.D. 2025-May-25 00:00:00.0000,117675033.40515876,-851442077.7197064,51315636.566129036
2460820.75,A.D. 2025-May-25 06:00:00.0000,117158559.28333339,-850241008.1903032,51261633.57399261
2460821.0,A.D. 2025-May-25 12:00:00.0000,116642073.7424831,-849039855.9050719,51207625.590766035
2460821.25,A.D. 2025-May-25 18:00:00.0000,116125576.78273582,-847838620.6160715,51153612.599689655
2460821.5,A.D. 2025-May-26 00:00:00.0000,115609068.4043769,-846637302.0742702,51099594.583922066
2460821.75,A.D. 2025-May-26 06:00:00.0000,115092548.60785054,-845435900.0295392,51045571.52653952
2460822.0,A.D. 2025-May-26 12:00:00.0000,114576017.39376217,-844234414.230646,50991543.410535015
2460822.25,A.D. 2025-May-26 18:00:00.0000,114059474.76288009,-843032844.4252474,50937510.218818136
2460822.5,A.D. 2025-May-27 00:00:00.0000,113542920.71613726,-841831190.3598846,50883471.93421475
2460822.75,A.D. 2025-May-27 06:00:00.0000,113026355.25463319,-840629451.7799748,50829428.53946594
2460823.0,A.D. 2025-May-27 12:00:00.0000,112509778.37963581,-839427628.4298044,50775380.0172279
2460823.25,A.D. 2025-May-27 18:00:00.0000,111993190.0925834,-838225720.0525248,50721326.350071326
2460823.5,A.D. 2025-May-28 00:00:00.0000,111476590.3950865,-837023726.3901426,50667267.520480804
2460823.75,A.D. 2025-May-28 06:00:00.0000,110959979.28892961,-835821647.1835148,50613203.51085434
2460824.0,A.D. 2025-May-28 12:00:00.0000,110443356.77607325,-834619482.1723413,50559134.30350285
2460824.25,A.D. 2025-May-28 18:00:00.0000,109926722.85865611,-833417231.0951579,50505059.880649745
2460824.5,A.D. 2025-May-29 00:00:00.0000,109410077.53899609,-832214893.6893291,50450980.224430084
2460824.75,A.D. 2025-May-29 06:00:00.0000,108893420.81959355,-831012469.6910434,50396895.31689041
2460825.0,A.D. 2025-May-29 12:00:00.0000,108376752.70313203,-829809958.835302,50342805.139987744
2460825.25,A.D. 2025-May-29 18:00:00.0000,107860073.192481,-828607360.8559164,50288709.6755898
2460825.5,A.D. 2025-May-30 00:00:00.0000,107343382.2906972,-827404675.485498,50234608.90547343
2460825.75,A.D. 2025-May-30 06:00:00.0000,106826680.00102738,-826201902.4554522,50180502.81132486
2460826.0,A.D. 2025-May-30 12:00:00.0000,106309966.32690941,-824999041.4959722,50126391.374738984
2460826.25,A.D. 2025-May-30 18:00:00.0000,105793241.27197507,-823796092.3360299,50072274.57721831
2460826.5,A.D. 2025-May-31 00:00:00.0000,105276504.84005141,-822593054.7033702,50018152.4001734
2460826.75,A.D. 2025-May-31 06:00:00.0000,104759757.0351634,-821389928.3245025,49964024.82492083
2460827.0,A.D. 2025-May-31 12:00:00.0000,104242997.86153547,-820186712.9246945,49909891.83268409
2460827.25,A.D. 2025-May-31 18:00:00.0000,103726227.32359378,-818983408.2279652,49855753.4045922
2460827.5,A.D. 2025-Jun-01 00:00:00.0000,103209445.42596832,-817780013.957075,49801609.52167925
2460827.75,A.D. 2025-Jun-01 06:00:00.0000,102692652.17349517,-816576529.8335217,49747460.16488366
2460828.0,A.D. 2025-Jun-01 12:00:00.0000,102175847.5712183,-815372955.5775305,49693305.31504805
2460828.25,A.D. 2025-Jun-01 18:00:00.0000,101659031.62439208,-814169290.9080473,49639144.95291816
2460828.5,A.D. 2025-Jun-02 00:00:00.0000,101142204.33848314,-812965535.5427322,49584979.05914261
2460828.75,A.D. 2025-Jun-02 06:00:00.0000,100625365.71917282,-811761689.1979501,49530807.6142716
2460829.0,A.D. 2025-Jun-02 12:00:00.0000,100108515.77235942,-810557751.5887644,49476630.5987574
2460829.25,A.D. 2025-Jun-02 18:00:00.0000,99591654.50416036,-809353722.428929,49422447.99295268
2460829.5,A.D. 2025-Jun-03 00:00:00.0000,99074781.92091455,-808149601.4308805,49368259.77711038
2460829.75,A.D. 2025-Jun-03 06:00:00.0000,98557898.0291847,-806945388.3057308,49314065.93138295
2460830.0,A.D. 2025-Jun-03 12:00:00.0000,98041002.8357598,-805741082.7632589,49259866.43582189
2460830.25,A.D. 2025-Jun-03 18:00:00.0000,97524096.3476574,-804536684.5119035,49205661.27037671
2460830.5,A.D. 2025-Jun-04 00:00:00.0000,97007178.57212615,-803332193.258755,49151450.4148943
2460830.75,A.D. 2025-Jun-04 06:00:00.0000,96490249.51664834,-802127608.7095473,49097233.849118926
2460831.0,A.D. 2025-Jun-04 12:00:00.0000,95973309.18894221,-800922930.56865,49043011.55269057
2460831.25,A.D. 2025-Jun-04 18:00:00.0000,95456357.59696476,-799718158.5390614,48988783.505144864
2460831.5,A.D. 2025-Jun-05 00:00:00.0000,94939394.74891436,-798513292.3223987,48934549.68591242
2460831.75,A.D. 2025-Jun-05 06:00:00.0000,94422420.65323319,-797308331.6188908,48880310.07431765
2460832.0,A.D. 2025-Jun-05 12:00:00.0000,93905435.31861007,-796103276.1273705,48826064.64957842
2460832.25,A.D. 2025-Jun-05 18:00:00.0000,93388438.7539834,-794898125.5452663,48771813.39080562
2460832.5,A.D. 2025-Jun-06 00:00:00.0000,92871430.96854353,-793692879.5685925,48717556.27700168
2460832.75,A.D. 2025-Jun-06 06:00:00.0000,92354411.97173595,-792487537.8919437,48663293.28706038
2460833.0,A.D. 2025-Jun-06 12:00:00.0000,91837381.77326395,-791282100.2084838,48609024.399766035
2460833.25,A.D. 2025-Jun-06 18:00:00.0000,91320340.38309166,-790076566.2099391,48554749.593792625
2460833.5,A.D. 2025-Jun-07 00:00:00.0000,90803287.81144701,-788870935.5865889,48500468.847703025
2460833.75,A.D. 2025-Jun-07 06:00:00.0000,90286224.06882466,-787665208.0272582,48446182.139948644
2460834.0,A.D. 2025-Jun-07 12:00:00.0000,89769149.16598913,-786459383.2193075,48391889.448868
2460834.25,A.D. 2025-Jun-07 18:00:00.0000,89252063.11397791,-785253460.8486251,48337590.752686284
2460834.5,A.D. 2025-Jun-08 00:00:00.0000,88734965.92410453,-784047440.5996183,48283286.02951505
2460834.75,A.D. 2025-Jun-08 06:00:00.0000,88217857.60796188,-782841322.1552044,48228975.2573504
2460835.0,A.D. 2025-Jun-08 12:00:00.0000,87700738.17742535,-781635105.1968014,48174658.414072976
2460835.25,A.D. 2025-Jun-08 18:00:00.0000,87183607.64465615,-780428789.4043196,48120335.47744688
2460835.5,A.D. 2025-Jun-09 00:00:00.0000,86666466.02210468,-779222374.456153,48066006.42511907
2460835.75,A.D. 2025-Jun-09 06:00:00.0000,86149313.32251385,-778015860.0291686,48011671.23461806
2460836.0,A.D. 2025-Jun-09 12:00:00.0000,85632149.55892253,-776809245.7986991,47957329.883353844
2460836.25,A.D. 2025-Jun-09 18:00:00.0000,85114974.7446691,-775602531.4385326,47902982.34861642
2460836.5,A.D. 2025-Jun-10 00:00:00.0000,84597788.89339483,-774395716.6209025,47848628.607575044
2460836.75,A.D. 2025-Jun-10 06:00:00.0000,84080592.01904751,-773188801.0164806,47794268.637277775
2460837.0,A.D. 2025-Jun-10 12:00:00.0000,83563384.1358851,-771981784.2943647,47739902.41465014
2460837.25,A.D. 2025-Jun-10 18:00:00.0000,83046165.25847934,-770774666.1220714,47685529.91649484
2460837.5,A.D. 2025-Jun-11 00:00:00.0000,82528935.40171944,-769567446.1655247,47631151.119490035
2460837.75,A.D. 2025-Jun-11 06:00:00.0000,82011694.58081585,-768360124.0890477,47576766.00018956
2460838.0,A.D. 2025-Jun-11 12:00:00.0000,81494442.81130405,-767152699.5553515,47522374.53502093
2460838.25,A.D. 2025-Jun-11 18:00:00.0000,80977180.10904837,-765945172.225527,47467976.700285524
2460838.5,A.D. 2025-Jun-12 00:00:00.0000,80459906.49024592,-764737541.759033,47413572.47215678
2460838.75,A.D. 2025-Jun-12 06:00:00.0000,79942621.97143044,-763529807.8136874,47359161.82667984
2460839.0,A.D. 2025-Jun-12 12:00:00.0000,79425326.56947635,-762321970.0456572,47304744.73977053
2460839.25,A.D. 2025-Jun-12 18:00:00.0000,78908020.30160274,-761114028.1094477,47250321.18721424
2460839.5,A.D. 2025-Jun-13 00:00:00.0000,78390703.18537743,-759905981.6578922,47195891.1446654
2460839.75,A.D. 2025-Jun-13 06:00:00.0000,77873375.23872109,-758697830.3421423,47141454.587646104
2460840.0,A.D. 2025-Jun-13 12:00:00.0000,77356036.47991142,-757489573.811657,47087011.491545476
2460840.25,A.D. 2025-Jun-13 18:00:00.0000,76838686.92758729,-756281211.7141916,47032561.83161876
2460840.5,A.D. 2025-Jun-14 00:00:00.0000,76321326.60075314,-755072743.6957887,46978105.58298598
2460840.75,A.D. 2025-Jun-14 06:00:00.0000,75803955.51878314,-753864169.4007661,46923642.72063169
2460841.0,A.D. 2025-Jun-14 12:00:00.0000,75286573.70142554,-752655488.4717066,46869173.21940309
2460841.25,A.D. 2025-Jun-14 18:00:00.0000,74769181.16880724,-751446700.5494466,46814697.054009795
2460841.5,A.D. 2025-Jun-15 00:00:00.0000,74251777.94143802,-750237805.273066,46760214.19902266
2460841.75,A.D. 2025-Jun-15 06:00:00.0000,73734364.0402152,-749028802.2798767,46705724.62887271
2460842.0,A.D. 2025-Jun-15 12:00:00.0000,73216939.48642808,-747819691.2054114,46651228.31784997
2460842.25,A.D. 2025-Jun-15 18:00:00.0000,72699504.30176266,-746610471.6834126,46596725.240102805
2460842.5,A.D. 2025-Jun-16 00:00:00.0000,72182058.50830613,-745401143.3458208,46542215.369636856
2460842.75,A.D. 2025-Jun-16 06:00:00.0000,71664602.12855174,-744191705.822764,46487698.68031377
2460843.0,A.D. 2025-Jun-16 12:00:00.0000,71147135.18540344,-742982158.7425458,46433175.14585031
2460843.25,A.D. 2025-Jun-16 18:00:00.0000,70629657.7021807,-741772501.7316335,46378644.73981762
2460843.5,A.D. 2025-Jun-17 00:00:00.0000,70112169.70262343,-740562734.414647,46324107.435639374
2460843.75,A.D. 2025-Jun-17 06:00:00.0000,69594671.21089683,-739352856.4143467,46269563.206592016
2460844.0,A.D. 2025-Jun-17 12:00:00.0000,69077162.25159644,-738142867.3516214,46215012.025802135
2460844.25,A.D. 2025-Jun-17 18:00:00.0000,68559642.84975302,-736932766.8454776,46160453.86624666
2460844.5,A.D. 2025-Jun-18 00:00:00.0000,68042113.03083779,-735722554.5130261,46105888.70075124
2460844.75,A.D. 2025-Jun-18 06:00:00.0000,67524572.82076749,-734512229.96947,46051316.501989074
2460845.0,A.D. 2025-Jun-18 12:00:00.0000,67007022.24590958,-733301792.8280941,45996737.242480256
2460845.25,A.D. 2025-Jun-18 18:00:00.0000,66489461.33308747,-732091242.7002503,45942150.89459006
2460845.5,A.D. 2025-Jun-19 00:00:00.0000,65971890.109585896,-730880579.195347,45887557.43052833
2460845.75,A.D. 2025-Jun-19 06:00:00.0000,65454308.60315626,-729669801.9208356,45832956.82234807
2460846.0,A.D. 2025-Jun-19 12:00:00.0000,64936716.84202205,-728458910.4821988,45778349.041944616
2460846.25,A.D. 2025-Jun-19 18:00:00.0000,64419114.85488433,-727247904.4829366,45723734.06105396
2460846.5,A.D. 2025-Jun-20 00:00:00.0000,63901502.67092735,-726036783.5245551,45669111.851252295
2460846.75,A.D. 2025-Jun-20 06:00:00.0000,63383880.31982412,-724825547.2065523,45614482.383954145
2460847.0,A.D. 2025-Jun-20 12:00:00.0000,62866247.83174212,-723614195.1264058,45559845.630411655
2460847.25,A.D. 2025-Jun-20 18:00:00.0000,62348605.237349026,-722402726.8795605,45505201.56171352
2460847.5,A.D. 2025-Jun-21 00:00:00.0000,61830952.56781853,-721191142.0594125,45450550.14878307
2460847.75,A.D. 2025-Jun-21 06:00:00.0000,61313289.854836285,-719979440.2573001,45395891.3623781
2460848.0,A.D. 2025-Jun-21 12:00:00.0000,60795617.13060574,-718767621.0624866,45341225.17308852
2460848.25,A.D. 2025-Jun-21 18:00:00.0000,60277934.42785425,-717555684.0621493,45286551.55133617
2460848.5,A.D. 2025-Jun-22 00:00:00.0000,59760241.779839166,-716343628.8413646,45231870.467373066
2460848.75,A.D. 2025-Jun-22 06:00:00.0000,59242539.220353924,-715131454.9830949,45177181.89128014
2460849.0,A.D. 2025-Jun-22 12:00:00.0000,58724826.783734374,-713919162.0681747,45122485.79296589
2460849.25,A.D. 2025-Jun-22 18:00:00.0000,58207104.504865,-712706749.6752963,45067782.14216565
2460849.5,A.D. 2025-Jun-23 00:00:00.0000,57689372.419185326,-711494217.3809963,45013070.9084397
2460849.75,A.D. 2025-Jun-23 06:00:00.0000,57171630.5626964,-710281564.7596419,44958352.061172366
2460850.0,A.D. 2025-Jun-23 12:00:00.0000,56653878.97196727,-709068791.3834153,44903625.56957055
2460850.25,A.D. 2025-Jun-23 18:00:00.0000,56136117.68414165,-707855896.8223003,44848891.40266231
2460850.5,A.D. 2025-Jun-24 00:00:00.0000,55618346.73694455,-706642880.6440684,44794149.52929583
2460850.75,A.D. 2025-Jun-24 06:00:00.0000,55100566.168689,-705429742.414263,44739399.91813794
2460851.0,A.D. 2025-Jun-24 12:00:00.0000,54582776.01828305,-704216481.6961854,44684642.5376728
2460851.25,A.D. 2025-Jun-24 18:00:00.0000,54064976.32523651,-703003098.0508797,44629877.3562003
2460851.5,A.D. 2025-Jun-25 00:00:00.0000,53547167.12966806,-701789591.0371192,44575104.341835156
2460851.75,A.D. 2025-Jun-25 06:00:00.0000,53029348.47231232,-700575960.211389,44520323.46250506
2460852.0,A.D. 2025-Jun-25 12:00:00.0000,52511520.394526966,-699362205.127873,44465534.685949646
2460852.25,A.D. 2025-Jun-25 18:00:00.0000,51993682.93830008,-698148325.3384374,44410737.97971873
2460852.5,A.D. 2025-Jun-26 00:00:00.0000,51475836.146257445,-696934320.3926166,44355933.31117143
2460852.75,A.D. 2025-Jun-26 06:00:00.0000,50957980.06166995,-695720189.8375968,44301120.64747418
2460853.0,A.D. 2025-Jun-26 12:00:00.0000,50440114.72846115,-694505933.2181994,44246299.95559932
2460853.25,A.D. 2025-Jun-26 18:00:00.0000,49922240.19121486,-693291550.0768678,44191471.20232417
2460853.5,A.D. 2025-Jun-27 00:00:00.0000,49404356.49518286,-692077039.9536494,44136634.354229026
2460853.75,A.D. 2025-Jun-27 06:00:00.0000,48886463.686292715,-690862402.3861808,44081789.37769588
2460854.0,A.D. 2025-Jun-27 12:00:00.0000,48368561.811155565,-689647636.9096714,44026936.23890699
2460854.25,A.D. 2025-Jun-27 18:00:00.0000,47850650.91707429,-688432743.0568867,43972074.90384307
2460854.5,A.D. 2025-Jun-28 00:00:00.0000,47332731.0520514,-687217720.3581328,43917205.33828213
2460854.75,A.D. 2025-Jun-28 06:00:00.0000,46814802.264797315,-686002568.3412397,43862327.507797904
2460855.0,A.D. 2025-Jun-28 12:00:00.0000,46296864.604738615,-684787286.5315434,43807441.37775786
2460855.25,A.D. 2025-Jun-28 18:00:00.0000,45778918.12202647,-683571874.4518718,43752546.91332217
2460855.5,A.D. 2025-Jun-29 00:00:00.0000,45260962.867545,-682356331.6225253,43697644.07944193
2460855.75,A.D. 2025-Jun-29 06:00:00.0000,44742998.89291997,-681140657.5612615,43642732.840857394
2460856.0,A.D. 2025-Jun-29 12:00:00.0000,44225026.250527434,-679924851.7832773,43587813.16209668
2460856.25,A.D. 2025-Jun-29 18:00:00.0000,43707044.9935025,-678708913.8011909,43532885.00747394
2460856.5,A.D. 2025-Jun-30 00:00:00.0000,43189055.1757483,-677492843.1250268,43477948.341087654
2460856.75,A.D. 2025-Jun-30 06:00:00.0000,42671056.851944916,-676276639.2621957,43423003.12681927
2460857.0,A.D. 2025-Jun-30 12:00:00.0000,42153050.07755857,-675060301.7174783,43368049.328331195
2460857.25,A.D. 2025-Jun-30 18:00:00.0000,41635034.9088508,-673843829.9930072,43313086.90906534
2460857.5,A.D. 2025-Jul-01 00:00:00.0000,41117011.40288785,-672627223.5882484,43258115.83224138
2460857.75,A.D. 2025-Jul-01 06:00:00.0000,40598979.61755005,-671410481.9999843,43203136.060855046
2460858.0,A.D. 2025-Jul-01 12:00:00.0000,40080939.61154154,-670193604.7222943,43148147.557676196
2460858.25,A.D. 2025-Jul-01 18:00:00.0000,39562891.44439977,-668976591.2465373,43093150.285247214
2460858.5,A.D. 2025-Jul-02 00:00:00.0000,39044835.17650547,-667759441.0613332,43038144.20588166
2460858.75,A.D. 2025-Jul-02 06:00:00.0000,38526770.86909251,-666542153.6525428,42983129.2816616
2460859.0,A.D. 2025-Jul-02 12:00:00.0000,38008698.58425796,-665324728.5032517,42928105.47443667
2460859.25,A.D. 2025-Jul-02 18:00:00.0000,37490618.3849723,-664107165.0937482,42873072.74582159
2460859.5,A.D. 2025-Jul-03 00:00:00.0000,36972530.33508968,-662889462.901507,42818031.05719502
2460859.75,A.D. 2025-Jul-03 06:00:00.0000,36454434.49935841,-661671621.4011678,42762980.36969693
2460860.0,A.D. 2025-Jul-03 12:00:00.0000,35936330.94343146,-660453640.0645173,42707920.64422754
2460860.25,A.D. 2025-Jul-03 18:00:00.0000,35418219.73387722,-659235518.3604691,42652851.8414448
2460860.5,A.D. 2025-Jul-04 00:00:00.0000,34900100.9381903,-658017255.7550437,42597773.92176281
2460860.75,A.D. 2025-Jul-04 06:00:00.0000,34381974.62480243,-656798851.7113495,42542686.84534984
2460861.0,A.D. 2025-Jul-04 12:00:00.0000,33863840.863093756,-655580305.6895612,42487590.57212639
2460861.25,A.D. 2025-Jul-04 18:00:00.0000,33345699.723403785,-654361617.1469018,42432485.061763264
2460861.5,A.D. 2025-Jul-05 00:00:00.0000,32827551.277043037,-653142785.5376207,42377370.273679614
2460861.75,A.D. 2025-Jul-05 06:00:00.0000,32309395.59630439,-651923810.3129729,42322246.167040795
2460862.0,A.D. 2025-Jul-05 12:00:00.0000,31791232.754474852,-650704690.9211996,42267112.70075661
2460862.25,A.D. 2025-Jul-05 18:00:00.0000,31273062.82584728,-649485426.8075068,42211969.833479166
2460862.5,A.D. 2025-Jul-06 00:00:00.0000,30754885.88573244,-648266017.4140441,42156817.52360073
2460862.75,A.D. 2025-Jul-06 06:00:00.0000,30236702.01047103,-647046462.1798838,42101655.72925187
2460863.0,A.D. 2025-Jul-06 12:00:00.0000,29718511.277446,-645826760.5409992,42046484.408299156
2460863.25,A.D. 2025-Jul-06 18:00:00.0000,29200313.765094943,-644606911.930243,41991303.518343166
2460863.5,A.D. 2025-Jul-07 00:00:00.0000,28682109.552922666,-643386915.7773272,41936113.01671648
2460863.75,A.D. 2025-Jul-07 06:00:00.0000,28163898.72151394,-642166771.5087986,41880912.86048143
2460864.0,A.D. 2025-Jul-07 12:00:00.0000,27645681.35254639,-640946478.5480189,41825703.006427735
2460864.25,A.D. 2025-Jul-07 18:00:00.0000,27127457.528803546,-639726036.3151418,41770483.41107066
2460864.5,A.D. 2025-Jul-08 00:00:00.0000,26609227.334188063,-638505444.22709,41715254.03064868
2460864.75,A.D. 2025-Jul-08 06:00:00.0000,26090990.853735123,-637284701.697534,41660014.821121156
2460865.0,A.D. 2025-Jul-08 12:00:00.0000,25572748.17362596,-636063808.136868,41604765.738166295
2460865.25,A.D. 2025-Jul-08 18:00:00.0000,25054499.381201643,-634842762.9521878,41549506.73717875
2460865.5,A.D. 2025-Jul-09 00:00:00.0000,24536244.56497694,-633621565.5472676,41494237.77326718
2460865.75,A.D. 2025-Jul-09 06:00:00.0000,24017983.814654462,-632400215.322536,41438958.80125227
2460866.0,A.D. 2025-Jul-09 12:00:00.0000,23499717.221138816,-631178711.6750538,41383669.77566433
2460866.25,A.D. 2025-Jul-09 18:00:00.0000,22981444.876551174,-629957053.9984895,41328370.65074049
2460866.5,A.D. 2025-Jul-10 00:00:00.0000,22463166.87424382,-628735241.6830951,41273061.380423
2460866.75,A.D. 2025-Jul-10 06:00:00.0000,21944883.308815002,-627513274.115683,41217741.91835652
2460867.0,A.D. 2025-Jul-10 12:00:00.0000,21426594.276123926,-626291150.6796008,41162412.217885464
2460867.25,A.D. 2025-Jul-10 18:00:00.0000,20908299.87330597,-625068870.7547082,41107072.23205204
2460867.5,A.D. 2025-Jul-11 00:00:00.0000,20390000.198788043,-623846433.7173511,41051721.91359342
2460867.75,A.D. 2025-Jul-11 06:00:00.0000,19871695.352304216,-622623838.9403368,40996361.21493916
2460868.0,A.D. 2025-Jul-11 12:00:00.0000,19353385.434911504,-621401085.7929099,40940990.088209234
2460868.25,A.D. 2025-Jul-11 18:00:00.0000,18835070.54900586,-620178173.6407268,40885608.48521089
2460868.5,A.D. 2025-Jul-12 00:00:00.0000,18316750.798338335,-618955101.8458296,40830216.3574364
2460868.75,A.D. 2025-Jul-12 06:00:00.0000,17798426.28803158,-617731869.7666206,40774813.656060316
2460869.0,A.D. 2025-Jul-12 12:00:00.0000,17280097.124596365,-616508476.7578378,40719400.331937045
2460869.25,A.D. 2025-Jul-12 18:00:00.0000,16761763.415948492,-615284922.1705275,40663976.33559823
2460869.5,A.D. 2025-Jul-13 00:00:00.0000,16243425.271425815,-614061205.3520178,40608541.61724965
2460869.75,A.D. 2025-Jul-13 06:00:00.0000,15725082.801805526,-612837325.6458931,40553096.12676901
2460870.0,A.D. 2025-Jul-13 12:00:00.0000,15206736.119321657,-611613282.3919673,40497639.81370293
2460870.25,A.D. 2025-Jul-13 18:00:00.0000,14688385.337682778,-610389074.9262569,40442172.62726471
2460870.5,A.D. 2025-Jul-14 00:00:00.0000,14170030.572090015,-609164702.580953,40386694.516330644
2460870.75,A.D. 2025-Jul-14 06:00:00.0000,13651671.93925519,-607940164.6843948,40331205.42943799
2460871.0,A.D. 2025-Jul-14 12:00:00.0000,13133309.55741924,-606715460.5610428,40275705.314782076
2460871.25,A.D. 2025-Jul-14 18:00:00.0000,12614943.546370938,-605490589.5314488,40220194.12021293
2460871.5,A.D. 2025-Jul-15 00:00:00.0000,12096574.027465772,-604265550.9122306,40164671.79323311
2460871.75,A.D. 2025-Jul-15 06:00:00.0000,11578201.1236451,-603040344.0160414,40109138.28099397
2460872.0,A.D. 2025-Jul-15 12:00:00.0000,11059824.959455566,-601814968.1515433,40053593.5302937
2460872.25,A.D. 2025-Jul-15 18:00:00.0000,10541445.661068777,-600589422.6233773,39998037.48757348
2460872.5,A.D. 2025-Jul-16 00:00:00.0000,10023063.356301194,-599363706.7321352,39942470.09891507
2460872.75,A.D. 2025-Jul-16 06:00:00.0000,9504678.17463435,-598137819.7743299,39886891.31003736
2460873.0,A.D. 2025-Jul-16 12:00:00.0000,8986290.247235266,-596911761.0423667,39831301.066293724
2460873.25,A.D. 2025-Jul-16 18:00:00.0000,8467899.70697719,-595685529.8245128,39775699.31266864
2460873.5,A.D. 2025-Jul-17 00:00:00.0000,7949506.688460574,-594459125.4048687,39720085.99377469
2460873.75,A.D. 2025-Jul-17 06:00:00.0000,7431111.328034344,-593232547.0633371,39664461.053849444
2460874.0,A.D. 2025-Jul-17 12:00:00.0000,6912713.763817451,-592005794.0755929,39608824.43675214
2460874.25,A.D. 2025-Jul-17 18:00:00.0000,6394314.13572069,-590778865.7130526,39553176.08596058
2460874.5,A.D. 2025-Jul-18 00:00:00.0000,5875912.585468832,-589551761.2428442,39497515.944568075
2460874.75,A.D. 2025-Jul-18 06:00:00.0000,5357509.256623026,-588324479.927775,39441843.95527977
2460875.0,A.D. 2025-Jul-18 12:00:00.0000,4839104.294603516,-587097021.0263011,39386160.060409725
2460875.25,A.D. 2025-Jul-18 18:00:00.0000,4320697.846712649,-585869383.7924957,39330464.20187726
2460875.5,A.D. 2025-Jul-19 00:00:00.0000,3802290.0621581823,-584641567.4760172,39274756.32120391
2460875.75,A.D. 2025-Jul-19 06:00:00.0000,3283881.092076923,-583413571.3220774,39219036.359509714
2460876.0,A.D. 2025-Jul-19 12:00:00.0000,2765471.089558655,-582185394.5714087,39163304.257510096
2460876.25,A.D. 2025-Jul-19 18:00:00.0000,2247060.20967041,-580957036.4602323,39107559.95551193
2460876.5,A.D. 2025-Jul-20 00:00:00.0000,1728648.609481033,-579728496.2202247,39051803.39341064
2460876.75,A.D. 2025-Jul-20 06:00:00.0000,1210236.448086109,-578499773.0784851,38996034.51068622
2460877.0,A.D. 2025-Jul-20 12:00:00.0000,691823.8866331951,-577270866.2575016,38940253.24639971
2460877.25,A.D. 2025-Jul-20 18:00:00.0000,173411.08834740653,-576041774.9751182,38884459.53918988
2460877.5,A.D. 2025-Jul-21 00:00:00.0000,-345001.7814426669,-574812498.4445003,38828653.32726905
2460877.75,A.D. 2025-Jul-21 06:00:00.0000,-863414.5552786828,-573583035.8741015,38772834.54842004
2460878.0,A.D. 2025-Jul-21 12:00:00.0000,-1381827.0635459316,-572353386.4676274,38717003.13999196
2460878.25,A.D. 2025-Jul-21 18:00:00.0000,-1900239.134446348,-571123549.4240032,38661159.038896754
2460878.5,A.D. 2025-Jul-22 00:00:00.0000,-2418650.5939711775,-569893523.9373373,38605302.1816051
2460878.75,A.D. 2025-Jul-22 06:00:00.0000,-2937061.265873256,-568663309.196886,38549432.50414307
2460879.0,A.D. 2025-Jul-22 12:00:00.0000,-3455470.9716389365,-567432904.3870188,38493549.942087635
2460879.25,A.D. 2025-Jul-22 18:00:00.0000,-3973879.5304596145,-566202308.6871823,38437654.43056319
2460879.5,A.D. 2025-Jul-23 00:00:00.0000,-4492286.759202889,-564971521.2718637,38381745.90423762
2460879.75,A.D. 2025-Jul-23 06:00:00.0000,-5010692.472383323,-563740541.3105551,38325824.297318
2460880.0,A.D. 2025-Jul-23 12:00:00.0000,-5529096.482132813,-562509367.9677163,38269889.54354682
2460880.25,A.D. 2025-Jul-23 18:00:00.0000,-6047498.598170551,-561278000.4027383,38213941.576198004
2460880.5,A.D. 2025-Jul-24 00:00:00.0000,-6565898.627772586,-560046437.7699058,38157980.32807236
2460880.75,A.D. 2025-Jul-24 06:00:00.0000,-7084296.375740975,-558814679.2183598,38102005.7314939
2460881.0,A.D. 2025-Jul-24 12:00:00.0000,-7602691.644372499,-557582723.8920597,38046017.71830545
2460881.25,A.D. 2025-Jul-24 18:00:00.0000,-8121084.233426975,-556350570.9297458,37990016.21986437
2460881.5,A.D. 2025-Jul-25 00:00:00.0000,-8639473.94009512,-555118219.4648998,37934001.167038426
2460881.75,A.D. 2025-Jul-25 06:00:00.0000,-9157860.558965985,-553885668.6257067,37877972.49020127
2460882.0,A.D. 2025-Jul-25 12:00:00.0000,-9676243.88199395,-552652917.5350164,37821930.119228266
2460882.25,A.D. 2025-Jul-25 18:00:00.0000,-10194623.69846524,-551419965.3103032,37765873.983491935
2460882.5,A.D. 2025-Jul-26 00:00:00.0000,-10712999.794964038,-550186811.0636275,37709804.01185769
2460882.75,A.D. 2025-Jul-26 06:00:00.0000,-11231371.955338066,-548953453.9015943,37653720.13267912
2460883.0,A.D. 2025-Jul-26 12:00:00.0000,-11749739.96066376,-547719892.9253145,37597622.273793526
2460883.25,A.D. 2025-Jul-26 18:00:00.0000,-12268103.589210916,-546486127.2303638,37541510.36251734
2460883.5,A.D. 2025-Jul-27 00:00:00.0000,-12786462.616406895,-545252155.9067416,37485384.325641625
2460883.75,A.D. 2025-Jul-27 06:00:00.0000,-13304816.814800277,-544017978.03883,37429244.08942714
2460884.0,A.D. 2025-Jul-27 12:00:00.0000,-13823165.954024086,-542783592.7053528,37373089.5795998
2460884.25,A.D. 2025-Jul-27 18:00:00.0000,-14341509.800758462,-541548998.9793327,37316920.72134579
2460884.5,A.D. 2025-Jul-28 00:00:00.0000,-14859848.118692838,-540314195.9280504,37260737.43930668
2460884.75,A.D. 2025-Jul-28 06:00:00.0000,-15378180.668487564,-539079182.613001,37204539.65757496
2460885.0,A.D. 2025-Jul-28 12:00:00.0000,-15896507.207735056,-537843958.0898526,37148327.299688555
2460885.25,A.D. 2025-Jul-28 18:00:00.0000,-16414827.490920352,-536608521.4084015,37092100.288626045
2460885.5,A.D. 2025-Jul-29 00:00:00.0000,-16933141.26938119,-535372871.61253065,37035858.54680176
2460885.75,A.D. 2025-Jul-29 06:00:00.0000,-17451448.291267425,-534137007.7401645,36979601.996060796
2460886.0,A.D. 2025-Jul-29 12:00:00.0000,-17969748.301500015,-532900928.8232257,36923330.557673484
2460886.25,A.D. 2025-Jul-29 18:00:00.0000,-18488041.041729342,-531664633.8875901,36867044.15233051
2460886.5,A.D. 2025-Jul-30 00:00:00.0000,-19006326.25029298,-530428121.9530428,36810742.70013774
2460886.75,A.D. 2025-Jul-30 06:00:00.0000,-19524603.662172884,-529191392.0332329,36754426.12061068
2460887.0,A.D. 2025-Jul-30 12:00:00.0000,-20042873.008951996,-527954443.1356273,36698094.332669124
2460887.25,A.D. 2025-Jul-30 18:00:00.0000,-20561134.018770214,-526717274.26146615,36641747.25463224
2460887.5,A.D. 2025-Jul-31 00:00:00.0000,-21079386.4162798,-525479884.40571576,36585384.804212615
2460887.75,A.D. 2025-Jul-31 06:00:00.0000,-21597629.92260003,-524242272.5570227,36529006.8985106
2460888.0,A.D. 2025-Jul-31 12:00:00.0000,-22115864.25527146,-523004437.69766754,36472613.45400948
2460888.25,A.D. 2025-Jul-31 18:00:00.0000,-22634089.128209267,-521766378.8035167,36416204.38656936
2460888.5,A.D. 2025-Aug-01 00:00:00.0000,-23152304.251656156,-520528094.8439756,36359779.611421265
2460888.75,A.D. 2025-Aug-01 06:00:00.0000,-23670509.332134496,-519289584.7819412,36303339.043161966
2460889.0,A.D. 2025-Aug-01 12:00:00.0000,-24188704.07239781,-518050847.5737528,36246882.59574765
2460889.25,A.D. 2025-Aug-01 18:00:00.0000,-24706888.171381585,-516811882.1691449,36190410.1824887
2460889.5,A.D. 2025-Aug-02 00:00:00.0000,-25225061.32415342,-515572687.51119757,36133921.71604302
2460889.75,A.D. 2025-Aug-02 06:00:00.0000,-25743223.22186241,-514333262.536287,36077417.108410604
2460890.0,A.D. 2025-Aug-02 12:00:00.0000,-26261373.551687896,-513093606.174037,36020896.27092735
2460890.25,A.D. 2025-Aug-02 18:00:00.0000,-26779511.99678741,-511853717.3472682,35964359.11425892
2460890.5,A.D. 2025-Aug-03 00:00:00.0000,-27297638.23624393,-510613594.97194844,35907805.548394635
2460890.75,A.D. 2025-Aug-03 06:00:00.0000,-27815751.945012446,-509373237.9571412,35851235.48264118
2460891.0,A.D. 2025-Aug-03 12:00:00.0000,-28333852.79386566,-508132645.2049563,35794648.82561645
2460891.25,A.D. 2025-Aug-03 18:00:00.0000,-28851940.449338958,-506891815.6104968,35738045.485242926
2460891.5,A.D. 2025-Aug-04 00:00:00.0000,-29370014.573674697,-505650748.06180876,35681425.368741736
2460891.75,A.D. 2025-Aug-04 06:00:00.0000,-29888074.824765537,-504409441.43982863,35624788.38262554
2460892.0,A.D. 2025-Aug-04 12:00:00.0000,-30406120.85609709,-503167894.61833036,35568134.432692595
2460892.25,A.D. 2025-Aug-04 18:00:00.0000,-30924152.31668977,-501926106.46387374,35511463.424019754
2460892.5,A.D. 2025-Aug-05 00:00:00.0000,-31442168.85103969,-500684075.83575094,35454775.26095597
2460892.75,A.D. 2025-Aug-05 06:00:00.0000,-31960170.099058844,-499441801.58593243,35398069.8471153
2460893.0,A.D. 2025-Aug-05 12:00:00.0000,-32478155.6960144,-498199282.5590139,35341347.08537054
2460893.25,A.D. 2025-Aug-05 18:00:00.0000,-32996125.27246712,-496956517.5921619,35284606.87784572
2460893.5,A.D. 2025-Aug-06 00:00:00.0000,-33514078.454208832,-495713505.5150594,35227849.12590974
2460893.75,A.D. 2025-Aug-06 06:00:00.0000,-34032014.86219924,-494470245.1498503,35171073.73016897
2460894.0,A.D. 2025-Aug-06 12:00:00.0000,-34549934.112501554,-493226735.3110855,35114280.590460144
2460894.25,A.D. 2025-Aug-06 18:00:00.0000,-35067835.816217326,-491982974.80566555,35057469.605843574
2460894.5,A.D. 2025-Aug-07 00:00:00.0000,-35585719.579420455,-490738962.43278617,35000640.674595386
2460894.75,A.D. 2025-Aug-07 06:00:00.0000,-36103585.00309001,-489494696.9838812,34943793.69420049
2460895.0,A.D. 2025-Aug-07 12:00:00.0000,-36621431.683042355,-488250177.24256593,34886928.56134505
2460895.25,A.D. 2025-Aug-07 18:00:00.0000,-37139259.20986207,-487005401.9845808,34830045.171909235
2460895.5,A.D. 2025-Aug-08 00:00:00.0000,-37657067.16883206,-485760369.97773254,34773143.42095934
2460895.75,A.D. 2025-Aug-08 06:00:00.0000,-38174855.13986259,-484515079.9818379,34716223.20274051
2460896.0,A.D. 2025-Aug-08 12:00:00.0000,-38692622.69741925,-483269530.7486649,34659284.41066878
2460896.25,A.D. 2025-Aug-08 18:00:00.0000,-39210369.4104499,-482023721.0218739,34602326.93732343
2460896.5,A.D. 2025-Aug-09 00:00:00.0000,-39728094.84231076,-480777649.53695977,34545350.674438916
2460896.75,A.D. 2025-Aug-09 06:00:00.0000,-40245798.55069114,-479531315.02119225,34488355.512897275
2460897.0,A.D. 2025-Aug-09 12:00:00.0000,-40763480.08753731,-478284716.1935561,34431341.342719786
2460897.25,A.D. 2025-Aug-09 18:00:00.0000,-41281138.9989751,-477037851.7646915,34374308.05305907
2460897.5,A.D. 2025-Aug-10 00:00:00.0000,-41798774.8252315,-475790720.4368341,34317255.53219081
2460897.75,A.D. 2025-Aug-10 06:00:00.0000,-42316387.10055518,-474543320.9037541,34260183.667505465
2460898.0,A.D. 2025-Aug-10 12:00:00.0000,-42833975.35313571,-473295651.8506957,34203092.345500045
2460898.25,A.D. 2025-Aug-10 18:00:00.0000,-43351539.1050217,-472047711.9543151,34145981.451769575
2460898.5,A.D. 2025-Aug-11 00:00:00.0000,-43869077.87203775,-470799499.88261986,34088850.87099843
2460898.75,A.D. 2025-Aug-11 06:00:00.0000,-44386591.163700216,-469551014.29490644,34031700.48695213
2460899.0,A.D. 2025-Aug-11 12:00:00.0000,-44904078.48313172,-468302253.8416978,33974530.18246829
2460899.25,A.D. 2025-Aug-11 18:00:00.0000,-45421539.32697446,-467053217.1646815,33917339.83944802
2460899.5,A.D. 2025-Aug-12 00:00:00.0000,-45938973.18530223,-465803902.89664584,33860129.338847
2460899.75,A.D. 2025-Aug-12 06:00:00.0000,-46456379.54153118,-464554309.6614173,33802898.56066632
2460900.0,A.D. 2025-Aug-12 12:00:00.0000,-46973757.87232932,-463304436.0737969,33745647.383944035
2460900.25,A.D. 2025-Aug-12 18:00:00.0000,-47491107.64752462,-462054280.73949605,33688375.686745316
2460900.5,A.D. 2025-Aug-13 00:00:00.0000,-48008428.33001189,-460803842.2550726,33631083.346153654
2460900.75,A.D. 2025-Aug-13 06:00:00.0000,-48525719.37565822,-459553119.20786595,33573770.238261454
2460901.0,A.D. 2025-Aug-13 12:00:00.0000,-49042980.23320712,-458302110.17593277,33516436.238160614
2460901.25,A.D. 2025-Aug-13 18:00:00.0000,-49560210.34418116,-457050813.7279818,33459081.21993296
2460901.5,A.D. 2025-Aug-14 00:00:00.0000,-50077409.14278335,-455799228.4233081,33401705.056640767
2460901.75,A.D. 2025-Aug-14 06:00:00.0000,-50594576.05579693,-454547352.8117271,33344307.620317
2460902.0,A.D. 2025-Aug-14 12:00:00.0000,-51111710.502483815,-453295185.4335098,33286888.78195546
2460902.25,A.D. 2025-Aug-14 18:00:00.0000,-51628811.894481555,-452042724.81931543,33229448.411501117
2460902.5,A.D. 2025-Aug-15 00:00:00.0000,-52145879.635698654,-450789969.4901251,33171986.377839886
2460902.75,A.D. 2025-Aug-15 06:00:00.0000,-52662913.12220865,-449536917.9571751,33114502.548788674
2460903.0,A.D. 2025-Aug-15 12:00:00.0000,-53179911.742142305,-448283568.7218902,33056996.7910853
2460903.25,A.D. 2025-Aug-15 18:00:00.0000,-53696874.87557852,-447029920.27581567,32999468.97037782
2460903.5,A.D. 2025-Aug-16 00:00:00.0000,-54213801.894433536,-445775971.10055035,32941918.95121485
2460903.75,A.D. 2025-Aug-16 06:00:00.0000,-54730692.16234851,-444521719.6676782,32884346.5970345
2460904.0,A.D. 2025-Aug-16 12:00:00.0000,-55247545.034575455,-443267164.43870074,32826751.770153876
2460904.25,A.D. 2025-Aug-16 18:00:00.0000,-55764359.8578616,-442012303.8649688,32769134.331758715
2460904.5,A.D. 2025-Aug-17 00:00:00.0000,-56281135.97033203,-440757136.3876136,32711494.14189234
2460904.75,A.D. 2025-Aug-17 06:00:00.0000,-56797872.7013705,-439501660.4374785,32653831.05944486
2460905.0,A.D. 2025-Aug-17 12:00:00.0000,-57314569.37149869,-438245874.43504995,32596144.942142285
2460905.25,A.D. 2025-Aug-17 18:00:00.0000,-57831225.29225364,-436989776.79038876,32538435.646535147
2460905.5,A.D. 2025-Aug-18 00:00:00.0000,-58347839.76606338,-435733365.9030599,32480703.02798772
2460905.75,A.D. 2025-Aug-18 06:00:00.0000,-58864412.0861207,-434476640.16206443,32422946.94066649
2460906.0,A.D. 2025-Aug-18 12:00:00.0000,-59380941.53625525,-433219597.9457688,32365167.237528622
2460906.25,A.D. 2025-Aug-18 18:00:00.0000,-59897427.39080359,-431962237.62183577,32307363.770310774
2460906.5,A.D. 2025-Aug-19 00:00:00.0000,-60413868.91447753,-430704557.5471546,32249536.3895173
2460906.75,A.D. 2025-Aug-19 06:00:00.0000,-60930265.362230346,-429446556.0677705,32191684.944408618
2460907.0,A.D. 2025-Aug-19 12:00:00.0000,-61446615.97912132,-428188231.5188155,32133809.282989092
2460907.25,A.D. 2025-Aug-19 18:00:00.0000,-61962920.00017803,-426929582.2244376,32075909.251995575
2460907.5,A.D. 2025-Aug-20 00:00:00.0000,-62479176.65025686,-425670606.4977304,32017984.696885046
2460907.75,A.D. 2025-Aug-20 06:00:00.0000,-62995385.14390137,-424411302.6406636,31960035.4618225
2460908.0,A.D. 2025-Aug-20 12:00:00.0000,-63511544.68519871,-423151668.9440126,31902061.38966871
2460908.25,A.D. 2025-Aug-20 18:00:00.0000,-64027654.467633784,-421891703.6872868,31844062.321967952
2460908.5,A.D. 2025-Aug-21 00:00:00.0000,-64543713.67394149,-420631405.138661,31786038.098935355
2460908.75,A.D. 2025-Aug-21 06:00:00.0000,-65059721.475956716,-419370771.5549042,31727988.55944444
2460909.0,A.D. 2025-Aug-21 12:00:00.0000,-65575677.034462176,-418109801.1813091,31669913.541014325
2460909.25,A.D. 2025-Aug-21 18:00:00.0000,-66091579.49903406,-416848492.25162214,31611812.87979698
2460909.5,A.D. 2025-Aug-22 00:00:00.0000,-66607428.00788544,-415586842.98797345,31553686.41056426
2460909.75,A.D. 2025-Aug-22 06:00:00.0000,-67123221.68770747,-414324851.6008057,31495533.966694847
2460910.0,A.D. 2025-Aug-22 12:00:00.0000,-67638959.65350814,-413062516.28880584,31437355.380161308
2460910.25,A.D. 2025-Aug-22 18:00:00.0000,-68154641.00844896,-411799835.23883337,31379150.48151648
2460910.5,A.D. 2025-Aug-23 00:00:00.0000,-68670264.84367895,-410536806.62585145,31320919.09988021
2460910.75,A.D. 2025-Aug-23 06:00:00.0000,-69185830.23816659,-409273428.61285734,31262661.06292617
2460911.0,A.D. 2025-Aug-23 12:00:00.0000,-69701336.25852908,-408009699.3508129,31204376.19686788
2460911.25,A.D. 2025-Aug-23 18:00:00.0000,-70216781.95885926,-406745616.9785754,31146064.326445065
2460911.5,A.D. 2025-Aug-24 00:00:00.0000,-70732166.38055009,-405481179.6228281,31087725.274910048
2460911.75,A.D. 2025-Aug-24 06:00:00.0000,-71247488.55211641,-404216385.39801294,31029358.864013538
2460912.0,A.D. 2025-Aug-24 12:00:00.0000,-71762747.4890144,-402951232.4062606,30970964.913990714
2460912.25,A.D. 2025-Aug-24 18:00:00.0000,-72277942.19345821,-401685718.7373234,30912543.243547015
2460912.5,A.D. 2025-Aug-25 00:00:00.0000,-72793071.65423416,-400419842.46850777,30854093.66984395
2460912.75,A.D. 2025-Aug-25 06:00:00.0000,-73308134.84651211,-399153601.6646064,30795616.008484527
2460913.0,A.D. 2025-Aug-25 12:00:00.0000,-73823130.73165418,-397886994.37783194,30737110.07349886
2460913.25,A.D. 2025-Aug-25 18:00:00.0000,-74338058.25702086,-396620018.6477501,30678575.67732961
2460913.5,A.D. 2025-Aug-26 00:00:00.0000,-74852916.3557741,-395352672.50121444,30620012.63081708
2460913.75,A.D. 2025-Aug-26 06:00:00.0000,-75367703.94667782,-394084953.9523007,30561420.74318449
2460914.0,A.D. 2025-Aug-26 12:00:00.0000,-75882419.93389542,-392816861.0022416,30502799.822022885
2460914.25,A.D. 2025-Aug-26 18:00:00.0000,-76397063.20678444,-391548391.63936347,30444149.67327634
2460914.5,A.D. 2025-Aug-27 00:00:00.0000,-76911632.63968839,-390279543.8390222,30385470.101226427
2460914.75,A.D. 2025-Aug-27 06:00:00.0000,-77426127.09172538,-389010315.5635403,30326760.908477075
2460915.0,A.D. 2025-Aug-27 12:00:00.0000,-77940545.40657409,-387740704.762145,30268021.895939313
2460915.25,A.D. 2025-Aug-27 18:00:00.0000,-78454886.41225627,-386470709.3709068,30209252.86281544
2460915.5,A.D. 2025-Aug-28 00:00:00.0000,-78969148.92091657,-385200327.3126788,30150453.606583595
2460915.75,A.D. 2025-Aug-28 06:00:00.0000,-79483331.72859901,-383929556.49703735,30091623.92298207
2460916.0,A.D. 2025-Aug-28 12:00:00.0000,-79997433.61502026,-382658394.8202227,30032763.605993222
2460916.25,A.D. 2025-Aug-28 18:00:00.0000,-80511453.34333992,-381386840.16508085,29973872.447827887
2460916.5,A.D. 2025-Aug-29 00:00:00.0000,-81025389.65992728,-380114890.4010074,29914950.238908857
2460916.75,A.D. 2025-Aug-29 06:00:00.0000,-81539241.29412507,-378842543.38389176,29855996.767855216
2460917.0,A.D. 2025-Aug-29 12:00:00.0000,-82053006.95800966,-377569796.9560609,29797011.821465597
2460917.25,A.D. 2025-Aug-29 18:00:00.0000,-82566685.34614806,-376296648.9462273,29737995.184702232
2460917.5,A.D. 2025-Aug-30 00:00:00.0000,-83080275.13535142,-375023097.16943616,29678946.640674174
2460917.75,A.D. 2025-Aug-30 06:00:00.0000,-83593774.98442501,-373749139.42701256,29619865.97062092
2460918.0,A.D. 2025-Aug-30 12:00:00.0000,-84107183.53391488,-372474773.50651413,29560752.95389558
2460918.25,A.D. 2025-Aug-30 18:00:00.0000,-84620499.40585098,-371199997.1816804,29501607.367948297
2460918.5,A.D. 2025-Aug-31 00:00:00.0000,-85133721.20348643,-369924808.2123868,29442428.988309283
2460918.75,A.D. 2025-Aug-31 06:00:00.0000,-85646847.5110335,-368649204.3445981,29383217.588571846
2460919.0,A.D. 2025-Aug-31 12:00:00.0000,-86159876.89339587,-367373183.31032485,29323972.940375406
2460919.25,A.D. 2025-Aug-31 18:00:00.0000,-86672807.89589708,-366096742.8275811,29264694.813388363
2460919.5,A.D. 2025-Sep-01 00:00:00.0000,-87185639.0440052,-364819880.6003427,29205382.975290924
2460919.75,A.D. 2025-Sep-01 06:00:00.0000,-87698368.8430541,-363542594.31850886,29146037.191757746
2460920.0,A.D. 2025-Sep-01 12:00:00.0000,-88210995.77796021,-362264881.65786463,29086657.22644051
2460920.25,A.D. 2025-Sep-01 18:00:00.0000,-88723518.31293634,-360986740.2800453,29027242.840950754
2460920.5,A.D. 2025-Sep-02 00:00:00.0000,-89235934.89120074,-359708167.83250356,28967793.794841956
2460920.75,A.D. 2025-Sep-02 06:00:00.0000,-89748243.9346828,-358429161.94847727,28908309.84559223
2460921.0,A.D. 2025-Sep-02 12:00:00.0000,-90260443.84372443,-357149720.246961,28848790.748586714
2460921.25,A.D. 2025-Sep-02 18:00:00.0000,-90772532.99677776,-355869840.332678,28789236.257099498
2460921.5,A.D. 2025-Sep-03 00:00:00.0000,-91284509.75009838,-354589519.79605615,28729646.122276176
2460921.75,A.D. 2025-Sep-03 06:00:00.0000,-91796372.43743487,-353308756.21320546,28670020.093116067
2460922.0,A.D. 2025-Sep-03 12:00:00.0000,-92308119.36971408,-352027547.14589745,28610357.91645388
2460922.25,A.D. 2025-Sep-03 18:00:00.0000,-92819748.83472209,-350745890.1415481,28550659.33694234
2460922.5,A.D. 2025-Sep-04 00:00:00.0000,-93331259.0967812,-349463782.73320365,28490924.097033925
2460922.75,A.D. 2025-Sep-04 06:00:00.0000,-93842648.3964226,-348181222.4395276,28431151.9369627
2460923.0,A.D. 2025-Sep-04 12:00:00.0000,-94353914.95005472,-346898206.7647917,28371342.594726793
2460923.25,A.D. 2025-Sep-04 18:00:00.0000,-94865056.94962737,-345614733.19887006,28311495.806069776
2460923.5,A.D. 2025-Sep-05 00:00:00.0000,-95376072.56229144,-344330799.2172355,28251611.30446286
2460923.75,A.D. 2025-Sep-05 06:00:00.0000,-95886959.93005446,-343046402.28096,28191688.82108681
2460924.0,A.D. 2025-Sep-05 12:00:00.0000,-96397717.16943134,-341761539.8367169,28131728.084813632
2460924.25,A.D. 2025-Sep-05 18:00:00.0000,-96908342.37109135,-340476209.3167882,28071728.822188746
2460924.5,A.D. 2025-Sep-06 00:00:00.0000,-97418833.5994998,-339190408.1390747,28011690.75741259
2460924.75,A.D. 2025-Sep-06 06:00:00.0000,-97929188.89255592,-337904133.707109,27951613.612322632
2460925.0,A.D. 2025-Sep-06 12:00:00.0000,-98439406.26122598,-336617383.41007334,27891497.106375374
2460925.25,A.D. 2025-Sep-06 18:00:00.0000,-98949483.68917184,-335330154.6228205,27831340.956628047
2460925.5,A.D. 2025-Sep-07 00:00:00.0000,-99459419.13237488,-334042444.70589954,27771144.87772081
2460925.75,A.D. 2025-Sep-07 06:00:00.0000,-99969210.51875576,-332754251.0055843,27710908.58185862
2460926.0,A.D. 2025-Sep-07 12:00:00.0000,-100478855.74778873,-331465570.85390747,27650631.77879327
2460926.25,A.D. 2025-Sep-07 18:00:00.0000,-100988352.69011252,-330176401.56869876,27590314.1758056
2460926.5,A.D. 2025-Sep-08 00:00:00.0000,-101497699.18713512,-328886740.4536268,27529955.477687504
2460926.75,A.D. 2025-Sep-08 06:00:00.0000,-102006893.0506354,-327596584.7982464,27469555.38672424
2460927.0,A.D. 2025-Sep-08 12:00:00.0000,-102515932.0623589,-326305931.8780512,27409113.602676846
2460927.25,A.D. 2025-Sep-08 18:00:00.0000,-103024813.97360934,-325014778.9545296,27348629.822764333
2460927.5,A.D. 2025-Sep-09 00:00:00.0000,-103533536.5048359,-323723123.275228,27288103.741646424
2460927.75,A.D. 2025-Sep-09 06:00:00.0000,-104042097.34521481,-322430962.07381666,27227535.051405907
2460928.0,A.D. 2025-Sep-09 12:00:00.0000,-104550494.15222704,-321138292.5701641,27166923.441531543
2460928.25,A.D. 2025-Sep-09 18:00:00.0000,-105058724.55123094,-319845111.9704145,27106268.59890109
2460928.5,A.D. 2025-Sep-10 00:00:00.0000,-105566786.13502993,-318551417.4670726,27045570.207763907
2460928.75,A.D. 2025-Sep-10 06:00:00.0000,-106074676.46343659,-317257206.23909324,26984827.94972452
2460929.0,A.D. 2025-Sep-10 12:00:00.0000,-106582393.06283,-315962475.4519783,26924041.503725704
2460929.25,A.D. 2025-Sep-10 18:00:00.0000,-107089933.42571048,-314667222.25787944,26863210.54603211
2460929.5,A.D. 2025-Sep-11 00:00:00.0000,-107597295.01024829,-313371443.79570675,26802334.750214025
2460929.75,A.D. 2025-Sep-11 06:00:00.0000,-108104475.23982818,-312075137.19124484,26741413.787131157
2460930.0,A.D. 2025-Sep-11 12:00:00.0000,-108611471.50258924,-310778299.5572765,26680447.32491697
2460930.25,A.D. 2025-Sep-11 18:00:00.0000,-109118281.15095972,-309480927.9937114,26619435.028962888
2460930.5,A.D. 2025-Sep-12 00:00:00.0000,-109624901.50118788,-308183019.587724,26558376.561902877
2460930.75,A.D. 2025-Sep-12 06:00:00.0000,-110131329.83286755,-306884571.4138984,26497271.583598673
2460931.0,A.D. 2025-Sep-12 12:00:00.0000,-110637563.3884597,-305585580.53438044,26436119.7511245
2460931.25,A.D. 2025-Sep-12 18:00:00.0000,-111143599.37280932,-304286043.999039,26374920.718753036
2460931.5,A.D. 2025-Sep-13 00:00:00.0000,-111649434.95265728,-302985958.84563285,26313674.137940798
2460931.75,A.D. 2025-Sep-13 06:00:00.0000,-112155067.25614873,-301685322.09999007,26252379.65731449
2460932.0,A.D. 2025-Sep-13 12:00:00.0000,-112660493.3723362,-300384130.77619165,26191036.92265739
2460932.25,A.D. 2025-Sep-13 18:00:00.0000,-113165710.3506788,-299082381.8767668,26129645.576896317
2460932.5,A.D. 2025-Sep-14 00:00:00.0000,-113670715.20053728,-297780072.3928968,26068205.26008871
2460932.75,A.D. 2025-Sep-14 06:00:00.0000,-114175504.89066452,-296477199.3046276,26006715.60941044
2460933.0,A.D. 2025-Sep-14 12:00:00.0000,-114680076.348692,-295173759.58109236,25945176.259143688
2460933.25,A.D. 2025-Sep-14 18:00:00.0000,-115184426.4606121,-293869750.18074393,25883586.840665717
2460933.5,A.D. 2025-Sep-15 00:00:00.0000,-115688552.07025722,-292565168.0515974,25821946.982437678
2460933.75,A.D. 2025-Sep-15 06:00:00.0000,-116192449.97877322,-291260010.1314826,25760256.30999426
2460934.0,A.D. 2025-Sep-15 12:00:00.0000,-116696116.94409144,-289954273.3483084,25698514.44593358
2460934.25,A.D. 2025-Sep-15 18:00:00.0000,-117199549.68039484,-288647954.62033594,25636721.009907708
2460934.5,A.D. 2025-Sep-16 00:00:00.0000,-117702744.85758191,-287341050.8564654,25574875.618614074
2460934.75,A.D. 2025-Sep-16 06:00:00.0000,-118205699.10072652,-286033558.9565321,25512977.88578677
2460935.0,A.D. 2025-Sep-16 12:00:00.0000,-118708408.98953503,-284725475.81161606,25451027.422189236
2460935.25,A.D. 2025-Sep-16 18:00:00.0000,-119210871.05779934,-283416798.30436194,25389023.835606914
2460935.5,A.D. 2025-Sep-17 00:00:00.0000,-119713081.7928473,-282107523.30931324,25326966.730841354
2460935.75,A.D. 2025-Sep-17 06:00:00.0000,-120215037.63499069,-280797647.6932571,25264855.70970386
2460936.0,A.D. 2025-Sep-17 12:00:00.0000,-120716734.97696958,-279487168.3155836,25202690.37101131
2460936.25,A.D. 2025-Sep-17 18:00:00.0000,-121218170.16339466,-278176082.02865726,25140470.310581382
2460936.5,A.D. 2025-Sep-18 00:00:00.0000,-121719339.49018705,-276864385.6782033,25078195.121229514
2460936.75,A.D. 2025-Sep-18 06:00:00.0000,-122220239.20401558,-275552076.1037059,25015864.39276612
2460937.0,A.D. 2025-Sep-18 12:00:00.0000,-122720865.50173286,-274239150.1388225,24953477.711994994
2460937.25,A.D. 2025-Sep-18 18:00:00.0000,-123221214.5298086,-272925604.6118117,24891034.662712343
2460937.5,A.D. 2025-Sep-19 00:00:00.0000,-123721282.3837616,-271611436.3459756,24828534.825706992
2460937.75,A.D. 2025-Sep-19 06:00:00.0000,-124221065.10759105,-270296642.1601185,24765977.778761182
2460938.0,A.D. 2025-Sep-19 12:00:00.0000,-124720558.69320564,-268981218.8690201,24703363.09665277
2460938.25,A.D. 2025-Sep-19 18:00:00.0000,-125219759.07985254,-267665163.28392407,24640690.351157974
2460938.5,A.D. 2025-Sep-20 00:00:00.0000,-125718662.15354551,-266348472.21304467,24577959.111055735
2460938.75,A.D. 2025-Sep-20 06:00:00.0000,-126217263.74649268,-265031142.46208832,24515168.942132574
2460939.0,A.D. 2025-Sep-20 12:00:00.0000,-126715559.63652444,-263713170.83479148,24452319.407189038
2460939.25,A.D. 2025-Sep-20 18:00:00.0000,-127213545.54652137,-262394554.1334779,24389410.066046968
2460939.5,A.D. 2025-Sep-21 00:00:00.0000,-127711217.14384288,-261075289.15963122,24326440.475558244
2460939.75,A.D. 2025-Sep-21 06:00:00.0000,-128208570.03975652,-259755372.71448702,24263410.18961468
2460940.0,A.D. 2025-Sep-21 12:00:00.0000,-128705599.78886944,-258434801.59964132,24200318.759158954
2460940.25,A.D. 2025-Sep-21 18:00:00.0000,-129202301.88855979,-257113572.61768046,24137165.732197475
2460940.5,A.D. 2025-Sep-22 00:00:00.0000,-129698671.778412,-255791682.57282615,24073950.65381371
2460940.75,A.D. 2025-Sep-22 06:00:00.0000,-130194704.83965273,-254469128.2716039,24010673.066183843
2460941.0,A.D. 2025-Sep-22 12:00:00.0000,-130690396.39459114,-253145906.52352744,23947332.508593258
2460941.25,A.D. 2025-Sep-22 18:00:00.0000,-131185741.70606124,-251822014.1418057,23883928.517454848
2460941.5,A.D. 2025-Sep-23 00:00:00.0000,-131680735.97686821,-250497447.94406876,23820460.626328457
2460941.75,A.D. 2025-Sep-23 06:00:00.0000,-132175374.34923899,-249172204.753115,23756928.36594247
2460942.0,A.D. 2025-Sep-23 12:00:00.0000,-132669651.90427735,-247846281.39767918,23693331.26421661
2460942.25,A.D. 2025-Sep-23 18:00:00.0000,-133163563.66142386,-246519674.71322182,23629668.84628641
2460942.5,A.D. 2025-Sep-24 00:00:00.0000,-133657104.57792172,-245192381.54274064,23565940.634529658
2460942.75,A.D. 2025-Sep-24 06:00:00.0000,-134150269.54828817,-243864398.73760355,23502146.14859423
2460943.0,A.D. 2025-Sep-24 12:00:00.0000,-134643053.4037933,-242535723.15840444,23438284.90542813
2460943.25,A.D. 2025-Sep-24 18:00:00.0000,-135135450.91194493,-241206351.67584172,23374356.41931093
2460943.5,A.D. 2025-Sep-25 00:00:00.0000,-135627456.7759825,-239876281.17161936,23310360.201887522
2460943.75,A.D. 2025-Sep-25 06:00:00.0000,-136119065.63437837,-238545508.53937238,23246295.76220344
2460944.0,A.D. 2025-Sep-25 12:00:00.0000,-136610272.06034857,-237214030.68561482,23182162.606742218
2460944.25,A.D. 2025-Sep-25 18:00:00.0000,-137101070.56137273,-235881844.53071287,23117960.23946515
2460944.5,A.D. 2025-Sep-26 00:00:00.0000,-137591455.57872468,-234548947.0098812,23053688.161852214
2460944.75,A.D. 2025-Sep-26 06:00:00.0000,-138081421.48701414,-233215335.07420516,22989345.872946206
2460945.0,A.D. 2025-Sep-26 12:00:00.0000,-138570962.59373868,-231881005.69168702,22924932.869398024
2460945.25,A.D. 2025-Sep-26 18:00:00.0000,-139060073.13884994,-230545955.8483173,22860448.64551459
2460945.5,A.D. 2025-Sep-27 00:00:00.0000,-139548747.29433113,-229210182.54917288,22795892.69330888
2460945.75,A.D. 2025-Sep-27 06:00:00.0000,-140036979.1637893,-227873682.8195393,22731264.50255216
2460946.0,A.D. 2025-Sep-27 12:00:00.0000,-140524762.78206187,-226536453.70606026,22666563.560828444
2460946.25,A.D. 2025-Sep-27 18:00:00.0000,-141012092.11483797,-225198492.27791315,22601789.353591368
2460946.5,A.D. 2025-Sep-28 00:00:00.0000,-141498961.05829632,-223859795.6280111,22536941.36422331
2460946.75,A.D. 2025-Sep-28 06:00:00.0000,-141985363.43875983,-222520360.87423277,22472019.074097067
2460947.0,A.D. 2025-Sep-28 12:00:00.0000,-142471293.01236778,-221180185.16067794,22407021.96263983
2460947.25,A.D. 2025-Sep-28 18:00:00.0000,-142956743.46476653,-219839265.65895295,22341949.507400088
2460947.5,A.D. 2025-Sep-29 00:00:00.0000,-143441708.4108194,-218497599.56948197,22276801.184116848
2460947.75,A.D. 2025-Sep-29 06:00:00.0000,-143926181.39433745,-217155184.12284803,22211576.466792237
2460948.0,A.D. 2025-Sep-29 12:00:00.0000,-144410155.88783094,-215812016.58116263,22146274.827767134
2460948.25,A.D. 2025-Sep-29 18:00:00.0000,-144893625.29228354,-214468094.2394649,22080895.737800255
2460948.5,A.D. 2025-Sep-30 00:00:00.0000,-145376582.93695003,-213123414.42714915,22015438.666151445
2460948.75,A.D. 2025-Sep-30 06:00:00.0000,-145859022.07917887,-211777974.50942463,21949903.08066951
2460949.0,A.D. 2025-Sep-30 12:00:00.0000,-146340935.90426144,-210431771.8888042,21884288.44788539
2460949.25,A.D. 2025-Sep-30 18:00:00.0000,-146822317.52530897,-209084804.00662458,21818594.233111408
2460949.5,A.D. 2025-Oct-01 00:00:00.0000,-147303159.98316061,-207737068.3445964,21752819.90054775
2460949.75,A.D. 2025-Oct-01 06:00:00.0000,-147783456.24632323,-206388562.42638516,21686964.91339692
2460950.0,A.D. 2025-Oct-01 12:00:00.0000,-148263199.21094644,-205039283.81922054,21621028.733987093
2460950.25,A.D. 2025-Oct-01 18:00:00.0000,-148742381.7008354,-203689230.13553324,21555010.823904596
2460950.5,A.D. 2025-Oct-02 00:00:00.0000,-149220996.4675035,-202338399.0346173,21488910.644135963
2460950.75,A.D. 2025-Oct-02 06:00:00.0000,-149699036.1902661,-200986788.22431275,21422727.65521796
2460951.0,A.D. 2025-Oct-02 12:00:00.0000,-150176493.4763788,-199634395.4627084,21356461.317394227
2460951.25,A.D. 2025-Oct-02 18:00:00.0000,-150653360.86121675,-198281218.55985928,21290111.090775605
2460951.5,A.D. 2025-Oct-03 00:00:00.0000,-151129630.80849764,-196927255.3795164,21223676.435500234
2460951.75,A.D. 2025-Oct-03 06:00:00.0000,-151605295.71054238,-195572503.8408695,21157156.811890226
2460952.0,A.D. 2025-Oct-03 12:00:00.0000,-152080347.8885738,-194216961.92030194,21090551.680601146
2460952.25,A.D. 2025-Oct-03 18:00:00.0000,-152554779.59304854,-192860627.6531618,21023860.502762716
2460952.5,A.D. 2025-Oct-04 00:00:00.0000,-153028583.00402096,-191503499.13555175,20957082.74011012
2460952.75,A.D. 2025-Oct-04 06:00:00.0000,-153501750.23153925,-190145574.52614433,20890217.85510766
2460953.0,A.D. 2025-Oct-04 12:00:00.0000,-153974273.31607476,-188786852.04802358,20823265.311067227
2460953.25,A.D. 2025-Oct-04 18:00:00.0000,-154446144.22898716,-187427329.99055958,20756224.57226612
2460953.5,A.D. 2025-Oct-05 00:00:00.0000,-154917354.87303072,-186067006.71131337,20689095.104067292
2460953.75,A.D. 2025-Oct-05 06:00:00.0000,-155387897.0829056,-184705880.63797402,20621876.37304558
2460954.0,A.D. 2025-Oct-05 12:00:00.0000,-155857762.62585723,-183343950.27032486,20554567.84712245
2460954.25,A.D. 2025-Oct-05 18:00:00.0000,-156326943.2023306,-181981214.18223652,20487168.99571003
2460954.5,A.D. 2025-Oct-06 00:00:00.0000,-156795430.4466788,-180617671.02368352,20419679.289865516
2460954.75,A.D. 2025-Oct-06 06:00:00.0000,-157263215.92793164,-179253319.52278066,20352098.202455167
2460955.0,A.D. 2025-Oct-06 12:00:00.0000,-157730291.15062284,-177888158.48783785,20284425.20832739
2460955.25,A.D. 2025-Oct-06 18:00:00.0000,-158196647.55567947,-176522186.8094293,20216659.784493927
2460955.5,A.D. 2025-Oct-07 00:00:00.0000,-158662276.52137274,-175155403.46247542,20148801.410318196
2460955.75,A.D. 2025-Oct-07 06:00:00.0000,-159127169.36433223,-173787807.50833598,20080849.567710288
2460956.0,A.D. 2025-Oct-07 12:00:00.0000,-159591317.34062326,-172419398.09691226,20012803.74132701
2460956.25,A.D. 2025-Oct-07 18:00:00.0000,-160054711.64688867,-171050174.46875724,19944663.418777224
2460956.5,A.D. 2025-Oct-08 00:00:00.0000,-160517343.42155498,-169680135.95719147,19876428.09083156
2460956.75,A.D. 2025-Oct-08 06:00:00.0000,-160979203.7461051,-168309281.9904239,19808097.251636095
2460957.0,A.D. 2025-Oct-08 12:00:00.0000,-161440283.64641622,-166937612.09367684,19739670.39892991
2460957.25,A.D. 2025-Oct-08 18:00:00.0000,-161900574.09416586,-165565125.89131114,19671147.0342662
2460957.5,A.D. 2025-Oct-09 00:00:00.0000,-162360066.0083053,-164191823.10895324,19602526.663236756
2460957.75,A.D. 2025-Oct-09 06:00:00.0000,-162818750.2566023,-162817703.57561967,19533808.795699675
2460958.0,A.D. 2025-Oct-09 12:00:00.0000,-163276617.6572534,-161442767.22583875,19464992.946010362
2460958.25,A.D. 2025-Oct-09 18:00:00.0000,-163733658.98056594,-160067014.10176653,19396078.633255534
2460958.5,A.D. 2025-Oct-10 00:00:00.0000,-164189864.95071307,-158690444.35529742,19327065.38149017
2460958.75,A.D. 2025-Oct-10 06:00:00.0000,-164645226.2475584,-157313058.25016388,19257952.71997749
2460959.0,A.D. 2025-Oct-10 12:00:00.0000,-165099733.50855544,-155934856.1640261,19188740.183431637
2460959.25,A.D. 2025-Oct-10 18:00:00.0000,-165553377.33071896,-154555838.59054774,19119427.312263075
2460959.5,A.D. 2025-Oct-11 00:00:00.0000,-166006148.27267092,-153176006.14145678,19050013.652826745
2460959.75,A.D. 2025-Oct-11 06:00:00.0000,-166458036.85676014,-151795359.54858828,18980498.757672597
2460960.0,A.D. 2025-Oct-11 12:00:00.0000,-166909033.57125738,-150413899.66590622,18910882.18579848
2460960.25,A.D. 2025-Oct-11 18:00:00.0000,-167359128.87262467,-149031627.47150373,18841163.502905484
2460960.5,A.D. 2025-Oct-12 00:00:00.0000,-167808313.18786073,-147648544.06957635,18771342.281655118
2460960.75,A.D. 2025-Oct-12 06:00:00.0000,-168256576.91692153,-146264650.6923696,18701418.101928644
2460961.0,A.D. 2025-Oct-12 12:00:00.0000,-168703910.43521607,-144879948.70209426,18631390.55108821
2460961.25,A.D. 2025-Oct-12 18:00:00.0000,-169150304.09617814,-143494439.5928086,18561259.224239446
2460961.5,A.D. 2025-Oct-13 00:00:00.0000,-169595748.233913,-142108124.99226606,18491023.72449567
2460961.75,A.D. 2025-Oct-13 06:00:00.0000,-170040233.1659192,-140721006.66372168,18420683.66324326
2460962.0,A.D. 2025-Oct-13 12:00:00.0000,-170483749.19588548,-139333086.5076993,18350238.66040802
2460962.25,A.D. 2025-Oct-13 18:00:00.0000,-170926286.61656088,-137944366.56371287,18279688.344722528
2460962.5,A.D. 2025-Oct-14 00:00:00.0000,-171367835.71269974,-136554849.01193997,18209032.353993885
2460962.75,A.D. 2025-Oct-14 06:00:00.0000,-171808386.7640784,-135164536.17484656,18138270.33537206
2460963.0,A.D. 2025-Oct-14 12:00:00.0000,-172247930.0485845,-133773430.51875632,18067401.945618168
2460963.25,A.D. 2025-Oct-14 18:00:00.0000,-172686455.84537718,-132381534.65536527,17996426.85137276
2460963.5,A.D. 2025-Oct-15 00:00:00.0000,-173123954.43811685,-130988851.34319562,17925344.72942363
2460963.75,A.D. 2025-Oct-15 06:00:00.0000,-173560416.1182639,-129595383.48898841,17854155.26697314
2460964.0,A.D. 2025-Oct-15 12:00:00.0000,-173995831.18844473,-128201134.14902969,17782858.16190445
2460964.25,A.D. 2025-Oct-15 18:00:00.0000,-174430189.96588308,-126806106.53040883,17711453.123046603
2460964.5,A.D. 2025-Oct-16 00:00:00.0000,-174863482.78589526,-125410303.9922051,17639939.870438248
2460964.75,A.D. 2025-Oct-16 06:00:00.0000,-175295700.00544798,-124013730.0465995,17568318.135589343
2460965.0,A.D. 2025-Oct-16 12:00:00.0000,-175726832.00677645,-122616388.3599097,17496587.661740936
2460965.25,A.D. 2025-Oct-16 18:00:00.0000,-176156869.20105967,-121218282.75354384,17424748.204122543
2460965.5,A.D. 2025-Oct-17 00:00:00.0000,-176585802.03215256,-119819417.20487146,17352799.530206695
2460965.75,A.D. 2025-Oct-17 06:00:00.0000,-177013620.98037088,-118419795.84800796,17280741.419960577
2460966.0,A.D. 2025-Oct-17 12:00:00.0000,-177440316.56632715,-117019422.97450982,17208573.66609421
2460966.25,A.D. 2025-Oct-17 18:00:00.0000,-177865879.35481456,-115618303.03397809,17136296.074305
2460966.5,A.D. 2025-Oct-18 00:00:00.0000,-178290299.9587366,-114216440.63456762,17063908.46351831
2460966.75,A.D. 2025-Oct-18 06:00:00.0000,-178713569.04307783,-112813840.54339847,16991410.666123502
2460967.0,A.D. 2025-Oct-18 12:00:00.0000,-179135677.32891536,-111410507.68686783,16918802.528205518
2460967.25,A.D. 2025-Oct-18 18:00:00.0000,-179556615.59746474,-110006447.15085974,16846083.90977127
2460967.5,A.D. 2025-Oct-19 00:00:00.0000,-179976374.69415927,-108601664.18085025,16773254.68497067
2460967.75,A.D. 2025-Oct-19 06:00:00.0000,-180394945.53275698,-107196164.18190505,16700314.742312029
2460968.0,A.D. 2025-Oct-19 12:00:00.0000,-180812319.0994743,-105789952.71856882,16627263.984871335
2460968.25,A.D. 2025-Oct-19 18:00:00.0000,-181228486.45713946,-104383035.51464285,16554102.330495184
2460968.5,A.D. 2025-Oct-20 00:00:00.0000,-181643438.7493644,-102975418.45285007,16480829.711996894
2460968.75,A.D. 2025-Oct-20 06:00:00.0000,-182057167.20472923,-101567107.57438453,16407446.077345684
2460969.0,A.D. 2025-Oct-20 12:00:00.0000,-182469663.14097658,-100158109.07834522,16333951.38984837
2460969.25,A.D. 2025-Oct-20 18:00:00.0000,-182880917.96920982,-98748429.3210508,16260345.628323413
2460969.5,A.D. 2025-Oct-21 00:00:00.0000,-183290923.1980924,-97338074.8152362,16186628.787266765
2460969.75,A.D. 2025-Oct-21 06:00:00.0000,-183699670.43804294,-95927052.22912762,16112800.87700959
2460970.0,A.D. 2025-Oct-21 12:00:00.0000,-184107151.40542173,-94515368.38539639,16038861.923867187
2460970.25,A.D. 2025-Oct-21 18:00:00.0000,-184513357.92670354,-93103030.25999038,15964811.970278932
2460970.5,A.D. 2025-Oct-22 00:00:00.0000,-184918281.9426334,-91690044.98084196,15890651.074938957
2460970.75,A.D. 2025-Oct-22 06:00:00.0000,-185321915.51235795,-90276419.8264529,15816379.312917372
2460971.0,A.D. 2025-Oct-22 12:00:00.0000,-185724250.81753132,-88862162.22435483,15741996.775771609
2460971.25,A.D. 2025-Oct-22 18:00:00.0000,-186125280.16638622,-87447279.74944608,15667503.571647681
2460971.5,A.D. 2025-Oct-23 00:00:00.0000,-186524995.99776927,-86031780.12220418,15592899.825371068
2460971.75,A.D. 2025-Oct-23 06:00:00.0000,-186923390.88513306,-84615671.2067754,15518185.678527156
2460972.0,A.D. 2025-Oct-23 12:00:00.0000,-187320457.54048106,-83198961.00894026,15443361.289530708
2460972.25,A.D. 2025-Oct-23 18:00:00.0000,-187716188.81826022,-81781657.67395759,15368426.83368452
2460972.5,A.D. 2025-Oct-24 00:00:00.0000,-188110577.71919623,-80363769.4842863,15293382.503226647
2460972.75,A.D. 2025-Oct-24 06:00:00.0000,-188503617.3940666,-78945304.85718733,15218228.507366419
2460973.0,A.D. 2025-Oct-24 12:00:00.0000,-188895301.14740664,-77526272.34220634,15142965.072308777
2460973.25,A.D. 2025-Oct-24 18:00:00.0000,-189285622.44114298,-76106680.61853902,15067592.441267004
2460973.5,A.D. 2025-Oct-25 00:00:00.0000,-189674574.898151,-74686538.49228065,14992110.874463504
2460973.75,A.D. 2025-Oct-25 06:00:00.0000,-190062152.30573028,-73265854.893562,14916520.649118712
2460974.0,A.D. 2025-Oct-25 12:00:00.0000,-190448348.61899304,-71844638.87357374,14840822.059427852
2460974.25,A.D. 2025-Oct-25 18:00:00.0000,-190833157.96416333,-70422899.60148181,14765015.416525707
2460974.5,A.D. 2025-Oct-26 00:00:00.0000,-191216574.641779,-69000646.36123604,14689101.048439018
2460974.75,A.D. 2025-Oct-26 06:00:00.0000,-191598593.12979555,-67577888.54827532,14613079.300026761
2460975.0,A.D. 2025-Oct-26 12:00:00.0000,-191979208.08658457,-66154635.666132,14536950.532908136
2460975.25,A.D. 2025-Oct-26 18:00:00.0000,-192358414.35382485,-64730897.32293868,14460715.125378316
2460975.5,A.D. 2025-Oct-27 00:00:00.0000,-192736206.95928094,-63306683.22784112,14384373.472311893
2460975.75,A.D. 2025-Oct-27 06:00:00.0000,-193112581.11946583,-61882003.1873204,14307925.985054208
2460976.0,A.D. 2025-Oct-27 12:00:00.0000,-193487532.24218366,-60456867.10142833,14231373.09130046
2460976.25,A.D. 2025-Oct-27 18:00:00.0000,-193861055.92894936,-59031284.95994002,14154715.23496281
2460976.5,A.D. 2025-Oct-28 00:00:00.0000,-194233147.97728196,-57605266.838427566,14077952.876025472
2460976.75,A.D. 2025-Oct-28 06:00:00.0000,-194603804.38286734,-56178822.89425916,14001086.490388054
2460977.0,A.D. 2025-Oct-28 12:00:00.0000,-194973021.34158903,-54751963.36252784,13924116.569697049
2460977.25,A.D. 2025-Oct-28 18:00:00.0000,-195340795.25142384,-53324698.551914714,13847043.621165901
2460977.5,A.D. 2025-Oct-29 00:00:00.0000,-195707122.71419805,-51897038.84049076,13769868.167383693
2460977.75,A.D. 2025-Oct-29 06:00:00.0000,-196072000.53720516,-50468994.67146241,13692590.746112574
2460978.0,A.D. 2025-Oct-29 12:00:00.0000,-196435425.73467964,-49040576.54886561,13615211.910074387
2460978.25,A.D. 2025-Oct-29 18:00:00.0000,-196797395.5291275,-47611795.03321298,13537732.226726422
2460978.5,A.D. 2025-Oct-30 00:00:00.0000,-197157907.3525104,-46182660.73709957,13460152.278026821
2460978.75,A.D. 2025-Oct-30 06:00:00.0000,-197516958.84728238,-44753184.320772,13382472.660189733
2460979.0,A.D. 2025-Oct-30 12:00:00.0000,-197874547.86727828,-43323376.48766617,13304693.983430604
2460979.25,A.D. 2025-Oct-30 18:00:00.0000,-198230672.47845283,-41893247.97991862,13226816.871701786
2460979.5,A.D. 2025-Oct-31 00:00:00.0000,-198585330.95946965,-40462809.573857136,13148841.962418962
2460979.75,A.D. 2025-Oct-31 06:00:00.0000,-198938521.80213913,-39032072.0754753,13070769.90617849
2460980.0,A.D. 2025-Oct-31 12:00:00.0000,-199290243.71170628,-37601046.31589673,12992601.36646626
2460980.25,A.D. 2025-Oct-31 18:00:00.0000,-199640495.60698763,-36169743.146833934,12914337.019358234
2460980.5,A.D. 2025-Nov-01 00:00:00.0000,-199989276.62035766,-34738173.436047286,12835977.553213065
2460980.75,A.D. 2025-Nov-01 06:00:00.0000,-200336586.0975855,-33306348.062809147,12757523.668357296
2460981.0,A.D. 2025-Nov-01 12:00:00.0000,-200682423.59752223,-31874277.91337836,12678976.076763388
2460981.25,A.D. 2025-Nov-01 18:00:00.0000,-201026788.8916408,-30441973.87649041,12600335.501721045
2460981.5,A.D. 2025-Nov-02 00:00:00.0000,-201369681.96342835,-29009446.83886822,12521602.677502304
2460981.75,A.D. 2025-Nov-02 06:00:00.0000,-201711103.0076334,-27576707.680758543,12442778.349020595
2460982.0,A.D. 2025-Nov-02 12:00:00.0000,-202051052.4293699,-26143767.271499157,12363863.271484511
2460982.25,A.D. 2025-Nov-02 18:00:00.0000,-202389530.8430787,-24710636.465121448,12284858.21004642
2460982.5,A.D. 2025-Nov-03 00:00:00.0000,-202726539.07135004,-23277326.095993303,12205763.939446539
2460982.75,A.D. 2025-Nov-03 06:00:00.0000,-203062078.1436087,-21843846.974506937,12126581.243652806
2460983.0,A.D. 2025-Nov-03 12:00:00.0000,-203396149.29466403,-20410209.882816218,12047310.915497085
2460983.25,A.D. 2025-Nov-03 18:00:00.0000,-203728753.96312854,-18976425.570627913,11967953.756308004
2460983.5,A.D. 2025-Nov-04 00:00:00.0000,-204059893.78970692,-17542504.751051,11888510.575541059
2460983.75,A.D. 2025-Nov-04 06:00:00.0000,-204389570.61536,-16108458.096508434,11808982.190406255
2460984.0,A.D. 2025-Nov-04 12:00:00.0000,-204717786.47934434,-14674296.234715188,11729369.425493745
2460984.25,A.D. 2025-Nov-04 18:00:00.0000,-205044543.6171348,-13240029.744726403,11649673.112398101
2460984.5,A.D. 2025-Nov-05 00:00:00.0000,-205369844.45822978,-11805669.15305931,11569894.08934131
2460984.75,A.D. 2025-Nov-05 06:00:00.0000,-205693691.62384486,-10371224.929892587,11490033.200795252
2460985.0,A.D. 2025-Nov-05 12:00:00.0000,-206016087.9244988,-8936707.485346131,11410091.297103938
2460985.25,A.D. 2025-Nov-05 18:00:00.0000,-206337036.35749513,-7502127.165844763,11330069.23410581
2460985.5,A.D. 2025-Nov-06 00:00:00.0000,-206656540.10430375,-6067494.250568519,11249967.872756856
2460985.75,A.D. 2025-Nov-06 06:00:00.0000,-206974602.52784628,-4632818.947992418,11169788.078754537
2460986.0,A.D. 2025-Nov-06 12:00:00.0000,-207291227.1696904,-3198111.3925182717,11089530.722163176
2460986.25,A.D. 2025-Nov-06 18:00:00.0000,-207606417.74715647,-1763381.6412008721,11009196.677041259
2460986.5,A.D. 2025-Nov-07 00:00:00.0000,-207920178.1503411,-328639.67057078076,10928786.821070708
2460986.75,A.D. 2025-Nov-07 06:00:00.0000,-208232512.43906304,1106104.6264443386,10848302.035188787
2460987.0,A.D. 2025-Nov-07 12:00:00.0000,-208543424.8397337,2540841.4434980466,10767743.203222977
2460987.25,A.D. 2025-Nov-07 18:00:00.0000,-208852919.74215946,3975561.063701453,10687111.211528918
2460987.5,A.D. 2025-Nov-08 00:00:00.0000,-209161001.69627836,5410253.862396251,10606406.948632041
2460987.75,A.D. 2025-Nov-08 06:00:00.0000,-209467675.4088367,6844910.309823153,10525631.30487305
2460988.0,A.D. 2025-Nov-08 12:00:00.0000,-209772945.7400089,8279520.973684754,10444785.172057599
2460988.25,A.D. 2025-Nov-08 18:00:00.0000,-210076817.69996706,9714076.521601979,10363869.443110477
2460988.5,A.D. 2025-Nov-09 00:00:00.0000,-210379296.445403,11148567.723463431,10282885.011734502
2460988.75,A.D. 2025-Nov-09 06:00:00.0000,-210680387.27600804,12582985.45366725,10201832.772074547
2460989.0,A.D. 2025-Nov-09 12:00:00.0000,-210980095.6309149,14017320.693255076,10120713.618386773
2460989.25,A.D. 2025-Nov-09 18:00:00.0000,-211278427.08510566,15451564.531938061,10039528.444713427
2460989.5,A.D. 2025-Nov-10 00:00:00.0000,-211575387.34579098,16885708.170015,9958278.144563403
2460989.75,A.D. 2025-Nov-10 06:00:00.0000,-211870982.2487641,18319742.920182683,9876963.610598728
2460990.0,A.D. 2025-Nov-10 12:00:00.0000,-212165217.7547338,19753660.20923893,9795585.734327259
2460990.25,A.D. 2025-Nov-10 18:00:00.0000,-212458099.94564152,21187451.579678785,9714145.405801693
2460990.5,A.D. 2025-Nov-11 00:00:00.0000,-212749635.02096534,22621108.691184524,9632643.5133251
2460990.75,A.D. 2025-Nov-11 06:00:00.0000,-213039829.29401538,24054623.322010305,9551080.943163132
2460991.0,A.D. 2025-Nov-11 12:00:00.0000,-213328689.18822476,25487987.370262362,9469458.57926301
2460991.25,A.D. 2025-Nov-11 18:00:00.0000,-213616221.2334399,26921192.85507587,9387777.302979477
2460991.5,A.D. 2025-Nov-12 00:00:00.0000,-213902432.062213,28354231.91768953,9306037.992807815
2460991.75,A.D. 2025-Nov-12 06:00:00.0000,-214187328.4061013,29787096.822419517,9224241.52412394
2460992.0,A.D. 2025-Nov-12 12:00:00.0000,-214470917.0919764,31219779.957533665,9142388.768931838
2460992.25,A.D. 2025-Nov-12 18:00:00.0000,-214753205.0383467,32652273.836028002,9060480.595618192
2460992.5,A.D. 2025-Nov-13 00:00:00.0000,-215034199.25169593,34084571.09630686,8978517.868714493
2460992.75,A.D. 2025-Nov-13 06:00:00.0000,-215313906.82284194,35516664.50276838,8896501.44866647
2460993.0,A.D. 2025-Nov-13 12:00:00.0000,-215592334.92331803,36948546.946297325,8814432.191611085
2460993.25,A.D. 2025-Nov-13 18:00:00.0000,-215869490.8017793,38380211.44466681,8732310.949160917
2460993.5,A.D. 2025-Nov-14 00:00:00.0000,-216145381.78043872,39811651.142851315,8650138.568196073
2460993.75,A.D. 2025-Nov-14 06:00:00.0000,-216420015.2515322,41242859.313252516,8567915.89066365
2460994.0,A.D. 2025-Nov-14 12:00:00.0000,-216693398.67381915,42673829.35584043,8485643.753384579
2460994.25,A.D. 2025-Nov-14 18:00:00.0000,-216965539.56911823,44104554.798211694,8403322.9878681
2460994.5,A.D. 2025-Nov-15 00:00:00.0000,-217236445.51888093,45535029.29556739,8320954.42013351
2460994.75,A.D. 2025-Nov-15 06:00:00.0000,-217506124.16080633,46965246.630612455,8238538.87053951
2460995.0,A.D. 2025-Nov-15 12:00:00.0000,-217774583.18549794,48395200.713379115,8156077.153620712
2460995.25,A.D. 2025-Nov-15 18:00:00.0000,-218041830.33316475,49824885.58097639,8073570.0779316705
2460995.5,A.D. 2025-Nov-16 00:00:00.0000,-218307873.39036947,51254295.39726829,7991018.445897996
2460995.75,A.D. 2025-Nov-16 06:00:00.0000,-218572720.18682286,52683424.45248277,7908423.053674758
2460996.0,A.D. 2025-Nov-16 12:00:00.0000,-218836378.59222946,54112267.16275391,7825784.691011931
2460996.25,A.D. 2025-Nov-16 18:00:00.0000,-219098856.51318252,55540818.06959974,7743104.141126891
2460996.5,A.D. 2025-Nov-17 00:00:00.0000,-219360161.89011234,56969071.83933794,7660382.180583823
2460996.75,A.D. 2025-Nov-17 06:00:00.0000,-219620302.69428742,58397023.262441844,7577619.579179987
2460997.0,A.D. 2025-Nov-17 12:00:00.0000,-219879286.92486998,59824667.252839215,7494817.099838701
2460997.25,A.D. 2025-Nov-17 18:00:00.0000,-220137122.60602772,61251998.84715591,7411975.498508927
2460997.5,A.D. 2025-Nov-18 00:00:00.0000,-220393817.78410116,62679013.20390712,7329095.52407144
2460997.75,A.D. 2025-Nov-18 06:00:00.0000,-220649380.52482864,64105705.60263804,7246177.918251288
2460998.0,A.D. 2025-Nov-18 12:00:00.0000,-220903818.91062915,65532071.44301688,7163223.415536648
2460998.25,A.D. 2025-Nov-18 18:00:00.0000,-221157141.03794345,66958106.24388194,7080232.743103735
2460998.5,A.D. 2025-Nov-19 00:00:00.0000,-221409355.0146345,68383805.64224541,6997206.620747792
2460998.75,A.D. 2025-Nov-19 06:00:00.0000,-221660468.95744675,69809165.39225592,6914145.760819974
2460999.0,A.D. 2025-Nov-19 12:00:00.0000,-221910490.98952556,71234181.36412215,6831050.868169945
2460999.25,A.D. 2025-Nov-19 18:00:00.0000,-222159429.23799664,72658849.5429996,6747922.640094204
2460999.5,A.D. 2025-Nov-20 00:00:00.0000,-222407291.83160478,74083166.02784283,6664761.766289781
2460999.75,A.D. 2025-Nov-20 06:00:00.0000,-222654086.89841387,75507127.03022493,6581568.928813368
2461000.0,A.D. 2025-Nov-20 12:00:00.0000,-222899822.56356564,76930728.87312669,6498344.802045652
2461000.25,A.D. 2025-Nov-20 18:00:00.0000,-223144506.94710034,78353967.98969716,6415090.052660698
2461000.5,A.D. 2025-Nov-21 00:00:00.0000,-223388148.16183534,79776840.92198798,6331805.339600262
2461000.75,A.D. 2025-Nov-21 06:00:00.0000,-223630754.31130496,81199344.31966265,6248491.31405295
2461001.0,A.D. 2025-Nov-21 12:00:00.0000,-223872333.48775893,82621474.93868385,6165148.619437913
2461001.25,A.D. 2025-Nov-21 18:00:00.0000,-224112893.77022025,84043229.63997923,6081777.891393215
2461001.5,A.D. 2025-Nov-22 00:00:00.0000,-224352443.2226017,85464605.38808864,5998379.757768354
2461001.75,A.D. 2025-Nov-22 06:00:00.0000,-224590989.89188075,86885599.24979404,5914954.838621197
2461002.0,A.D. 2025-Nov-22 12:00:00.0000,-224828541.80633202,88306208.39273356,5831503.746218866
2461002.25,A.D. 2025-Nov-22 18:00:00.0000,-225065106.97381735,89726430.08400208,5748027.085042628
2461002.5,A.D. 2025-Nov-23 00:00:00.0000,-225300693.38013247,91146261.68873908,5664525.4517966295
2461002.75,A.D. 2025-Nov-23 06:00:00.0000,-225535308.9874089,92565700.66870597,5580999.43542015
2461003.0,A.D. 2025-Nov-23 12:00:00.0000,-225768961.73257312,93984744.5808542,5497449.617103508
2461003.25,A.D. 2025-Nov-23 18:00:00.0000,-226001659.52585816,95403391.07588539,5413876.570307404
2461003.5,A.D. 2025-Nov-24 00:00:00.0000,-226233410.24937102,96821637.8968051,5330280.860785276
2461003.75,A.D. 2025-Nov-24 06:00:00.0000,-226464221.7557123,98239482.87747179,5246663.0466091335
2461004.0,A.D. 2025-Nov-24 12:00:00.0000,-226694101.86664876,99656923.94114168,5163023.678198141
2461004.25,A.D. 2025-Nov-24 18:00:00.0000,-226923058.37183705,101073959.09901138,5079363.298350113
2461004.5,A.D. 2025-Nov-25 00:00:00.0000,-227151099.02759856,102490586.4487591,4995682.442275887
2461004.75,A.D. 2025-Nov-25 06:00:00.0000,-227378231.5557442,103906804.17308597,4911981.637636119
2461005.0,A.D. 2025-Nov-25 12:00:00.0000,-227604463.64244825,105322610.53825806,4828261.404580743
2461005.25,A.D. 2025-Nov-25 18:00:00.0000,-227829802.93716976,106738003.8926505,4744522.255790782
2461005.5,A.D. 2025-Nov-26 00:00:00.0000,-228054257.0516227,108152982.66529503,4660764.696522383
2461005.75,A.D. 2025-Nov-26 06:00:00.0000,-228277833.55879056,109567545.36443125,4576989.224653019
2461006.0,A.D. 2025-Nov-26 12:00:00.0000,-228500539.99198824,110981690.57606255,4493196.330729755
2461006.25,A.D. 2025-Nov-26 18:00:00.0000,-228722383.8439669,112395416.96251889,4409386.498019505
2461006.5,A.D. 2025-Nov-27 00:00:00.0000,-228943372.56606337,113808723.26102537,4325560.202560982
2461006.75,A.D. 2025-Nov-27 06:00:00.0000,-229163513.56739175,115221608.28227851,4241717.9132184535
2461007.0,A.D. 2025-Nov-27 12:00:00.0000,-229382814.21407667,116634070.90903096,4157860.0917371996
2461007.25,A.D. 2025-Nov-27 18:00:00.0000,-229601281.8285279,118046110.09468538,4073987.1928003132
2461007.5,A.D. 2025-Nov-28 00:00:00.0000,-229818923.68875334,119457724.8618972,3990099.664087136
2461007.75,A.D. 2025-Nov-28 06:00:00.0000,-230035747.02771246,120868914.30118857,3906197.946332871
2461008.0,A.D. 2025-Nov-28 12:00:00.0000,-230251759.03270653,122279677.56957255,3822282.4733895343
2461008.25,A.D. 2025-Nov-28 18:00:00.0000,-230466966.84480596,123690013.88918924,3738353.672288032
2461008.5,A.D. 2025-Nov-29 00:00:00.0000,-230681377.55831414,125099922.54595348,3654411.9633013406
2461008.75,A.D. 2025-Nov-29 06:00:00.0000,-230894998.22026533,126509402.8882152,3570457.7600086476
2461009.0,A.D. 2025-Nov-29 12:00:00.0000,-231107835.82995796,127918454.32543284,3486491.4693604577
2461009.25,A.D. 2025-Nov-29 18:00:00.0000,-231319897.33851993,129327076.32685998,3402513.491744463
2461009.5,A.D. 2025-Nov-30 00:00:00.0000,-231531189.64850694,130735268.42024574,3318524.221052227
2461009.75,A.D. 2025-Nov-30 06:00:00.0000,-231741719.6135318,132143030.19054954,3234524.044746562
2461010.0,A.D. 2025-Nov-30 12:00:00.0000,-231951494.03792456,133550361.27866982,3150513.343929515
2461010.25,A.D. 2025-Nov-30 18:00:00.0000,-232160519.67642185,134957261.38018835,3066492.4934108653
2461010.5,A.D. 2025-Dec-01 00:00:00.0000,-232368803.23388526,136363730.24412864,2982461.8617771612
2461010.75,A.D. 2025-Dec-01 06:00:00.0000,-232576351.3650473,137769767.6717305,2898421.811461252
2461011.0,A.D. 2025-Dec-01 12:00:00.0000,-232783170.67428458,139175373.51523986,2814372.698811971
2461011.25,A.D. 2025-Dec-01 18:00:00.0000,-232989267.71541712,140580547.67671415,2730314.874164315
2461011.5,A.D. 2025-Dec-02 00:00:00.0000,-233194648.99153265,141985290.1068436,2646248.6819099
2461011.75,A.D. 2025-Dec-02 06:00:00.0000,-233399320.95483613,143389600.80378953,2562174.460567369
2461012.0,A.D. 2025-Dec-02 12:00:00.0000,-233603290.00652224,144793479.8120375,2478092.542853278
2461012.25,A.D. 2025-Dec-02 18:00:00.0000,-233806562.4966711,146196927.22126764,2394003.2557527893
2461012.5,A.D. 2025-Dec-03 00:00:00.0000,-234009144.72416657,147599943.16524157,2309906.9205906475
2461012.75,A.D. 2025-Dec-03 06:00:00.0000,-234211042.9366349,149002527.82070553,2225803.8531019255
2461013.0,A.D. 2025-Dec-03 12:00:00.0000,-234412263.33040544,150404681.4063098,2141694.363503032
2461013.25,A.D. 2025-Dec-03 18:00:00.0000,-234612812.0504897,151806404.18154585,2057578.75656231
2461013.5,A.D. 2025-Dec-04 00:00:00.0000,-234812695.19058093,153207696.44569868,1973457.3316707732
2461013.75,A.D. 2025-Dec-04 06:00:00.0000,-235011918.79307154,154608558.536817,1889330.3829125494
2461014.0,A.D. 2025-Dec-04 12:00:00.0000,-235210488.84908867,156008990.83069977,1805198.1991352134
2461014.25,A.D. 2025-Dec-04 18:00:00.0000,-235408411.2985463,157408993.7398992,1721061.0640198018
2461014.5,A.D. 2025-Dec-05 00:00:00.0000,-235605692.03021482,158808567.71274045,1636919.2561507141
2461014.75,A.D. 2025-Dec-05 06:00:00.0000,-235802336.8818054,160207713.23235825,1552773.0490851277
2461015.0,A.D. 2025-Dec-05 12:00:00.0000,-235998351.64007026,161606430.81574935,1468622.7114222567
2461015.25,A.D. 2025-Dec-05 18:00:00.0000,-236193742.04091775,163004721.01284218,1384468.5068722707
2461015.5,A.D. 2025-Dec-06 00:00:00.0000,-236388513.7695404,164402584.40558288,1300310.6943246669
2461015.75,A.D. 2025-Dec-06 06:00:00.0000,-236582672.4605575,165800021.60703683,1216149.5279164542
2461016.0,A.D. 2025-Dec-06 12:00:00.0000,-236776223.69817016,167197033.26050684,1131985.257099779
2461016.25,A.D. 2025-Dec-06 18:00:00.0000,-236969173.01632842,168593620.038668,1047818.1267092187
2461016.5,A.D. 2025-Dec-07 00:00:00.0000,-237161525.89891025,169989782.64271784,963648.3770284519
2461016.75,A.D. 2025-Dec-07 06:00:00.0000,-237353287.77991238,171385521.80154243,879476.2438566454
2461017.0,A.D. 2025-Dec-07 12:00:00.0000,-237544464.04365075,172780838.27089816,795301.9585742827
2461017.25,A.D. 2025-Dec-07 18:00:00.0000,-237735060.02497214,174175732.83261007,711125.7482082037
2461017.5,A.D. 2025-Dec-08 00:00:00.0000,-237925081.00947553,175570206.2937834,626947.8354967205
2461017.75,A.D. 2025-Dec-08 06:00:00.0000,-238114532.23374152,176964259.48603356,542768.4389534229
2461018.0,A.D. 2025-Dec-08 12:00:00.0000,-238303418.88557273,178357893.26472852,458587.77293113945
2461018.25,A.D. 2025-Dec-08 18:00:00.0000,-238491746.10424018,179751108.5082475,374406.0476847891
2461018.5,A.D. 2025-Dec-09 00:00:00.0000,-238679518.98073968,181143906.1172543,290223.4694340106
2461018.75,A.D. 2025-Dec-09 06:00:00.0000,-238866742.5580542,182536287.0139855,206040.24042491196
2461019.0,A.D. 2025-Dec-09 12:00:00.0000,-239053421.83142453,183928252.14155278,121856.55899146377
2461019.25,A.D. 2025-Dec-09 18:00:00.0000,-239239561.7486258,185319802.46325925,37672.61961609463
2461019.5,A.D. 2025-Dec-10 00:00:00.0000,-239425167.2102512,186710938.96193147,-46511.38701021835
2461019.75,A.D. 2025-Dec-10 06:00:00.0000,-239610243.07000074,188101662.63926294,-130695.27392854584
2461020.0,A.D. 2025-Dec-10 12:00:00.0000,-239794794.13497612,189491974.5151741,-214878.8578532261
2461020.25,A.D. 2025-Dec-10 18:00:00.0000,-239978825.1659813,190881875.62718382,-299061.95911372
2461020.5,A.D. 2025-Dec-11 00:00:00.0000,-240162340.8778272,192271367.0297956,-383244.4015971558
2461020.75,A.D. 2025-Dec-11 06:00:00.0000,-240345345.9396416,193660449.79389584,-467426.012691458
2461021.0,A.D. 2025-Dec-11 12:00:00.0000,-240527844.975183,195049125.00616673,-551606.623229084
2461021.25,A.D. 2025-Dec-11 18:00:00.0000,-240709842.56315887,196437393.76851022,-635786.0674316114
2461021.5,A.D. 2025-Dec-12 00:00:00.0000,-240891343.23754698,197825257.19748607,-719964.1828547718
2461021.75,A.D. 2025-Dec-12 06:00:00.0000,-241072351.48792085,199212716.42376137,-804140.8103343782
2461022.0,A.D. 2025-Dec-12 12:00:00.0000,-241252871.7597783,200599772.59157318,-888315.7939325941
2461022.25,A.D. 2025-Dec-12 18:00:00.0000,-241432908.4548718,201986426.8582025,-972488.9808851286
2461022.5,A.D. 2025-Dec-13 00:00:00.0000,-241612465.93154338,203372680.39346057,-1056660.221549084
2461022.75,A.D. 2025-Dec-13 06:00:00.0000,-241791548.50506005,204758534.3791869,-1140829.3693513572
2461023.0,A.D. 2025-Dec-13 12:00:00.0000,-241970160.44795257,206143990.0087582,-1224996.2807375733
2461023.25,A.D. 2025-Dec-13 18:00:00.0000,-242148305.9903555,207529048.48660997,-1309160.8151222165
2461023.5,A.D. 2025-Dec-14 00:00:00.0000,-242325989.32034934,208913711.02776733,-1393322.834838758
2461023.75,A.D. 2025-Dec-14 06:00:00.0000,-242503214.58430433,210297978.85738835,-1477482.2050908697
2461024.0,A.D. 2025-Dec-14 12:00:00.0000,-242679985.88722467,211681853.21031773,-1561638.7939041618
2461024.25,A.D. 2025-Dec-14 18:00:00.0000,-242856307.2930949,213065335.33065042,-1645792.4720786056
2461024.5,A.D. 2025-Dec-15 00:00:00.0000,-243032182.8252265,214448426.47130606,-1729943.1131415188
2461024.75,A.D. 2025-Dec-15 06:00:00.0000,-243207616.46660537,215831127.89361435,-1814090.5933013498
2461025.0,A.D. 2025-Dec-15 12:00:00.0000,-243382612.16024002,217213440.86690882,-1898234.7914020326
2461025.25,A.D. 2025-Dec-15 18:00:00.0000,-243557173.80951032,218595366.66813186,-1982375.5888778958
2461025.5,A.D. 2025-Dec-16 00:00:00.0000,-243731305.27851558,219976906.58144853,-2066512.8697094545
2461025.75,A.D. 2025-Dec-16 06:00:00.0000,-243905010.3924239,221358061.89787036,-2150646.52037942
2461026.0,A.D. 2025-Dec-16 12:00:00.0000,-244078292.93782067,222738833.914888,-2234776.42982995
2461026.25,A.D. 2025-Dec-16 18:00:00.0000,-244251156.66305718,224119223.93611336,-2318902.489419828
2461026.5,A.D. 2025-Dec-17 00:00:00.0000,-244423605.27859843,225499233.27093032,-2403024.5928829266
2461026.75,A.D. 2025-Dec-17 06:00:00.0000,-244595642.45737135,226878863.2341549,-2487142.636286668
2461027.0,A.D. 2025-Dec-17 12:00:00.0000,-244767271.8351115,228258115.14570257,-2571256.517991655
2461027.25,A.D. 2025-Dec-17 18:00:00.0000,-244938497.0107098,229636990.33026618,-2655366.138611337
2461027.5,A.D. 2025-Dec-18 00:00:00.0000,-245109321.54655752,231015490.11699957,-2739471.400973263
2461027.75,A.D. 2025-Dec-18 06:00:00.0000,-245279748.96889153,232393615.83921173,-2823572.210079314
2461028.0,A.D. 2025-Dec-18 12:00:00.0000,-245449782.76813743,233771368.83406717,-2907668.4730681973
2461028.25,A.D. 2025-Dec-18 18:00:00.0000,-245619426.39925224,235148750.44229493,-2991760.099177455
2461028.5,A.D. 2025-Dec-19 00:00:00.0000,-245788683.28206557,236525762.0079047,-3075846.9997065817
2461028.75,A.D. 2025-Dec-19 06:00:00.0000,-245957556.80161914,237902404.8779109,-3159929.087980345
2461029.0,A.D. 2025-Dec-19 12:00:00.0000,-246126050.3085061,239278680.40206373,-3244006.279313049
2461029.25,A.D. 2025-Dec-19 18:00:00.0000,-246294167.1192072,240654589.93258718,-3328078.490972945
2461029.5,A.D. 2025-Dec-20 00:00:00.0000,-246461910.516427,242030134.82392484,-3412145.6421476374
2461029.75,A.D. 2025-Dec-20 06:00:00.0000,-246629283.74942693,243405316.43249175,-3496207.6539097102
2461030.0,A.D. 2025-Dec-20 12:00:00.0000,-246796290.03435835,244780136.116433,-3580264.449182901
2461030.25,A.D. 2025-Dec-20 18:00:00.0000,-246962932.55459207,246154595.23538992,-3664315.9527091826
2461030.5,A.D. 2025-Dec-21 00:00:00.0000,-247129214.4610475,247528695.15027124,-3748362.0910157706
2461030.75,A.D. 2025-Dec-21 06:00:00.0000,-247295138.87251914,248902437.22303167,-3832402.792383207
2461031.0,A.D. 2025-Dec-21 12:00:00.0000,-247460708.87600142,250275822.81645605,-3916437.9868137115
2461031.25,A.D. 2025-Dec-21 18:00:00.0000,-247625927.52701125,251648853.29394954,-4000467.605999926
2461031.5,A.D. 2025-Dec-22 00:00:00.0000,-247790797.8499095,253021530.01933458,-4084491.58329457
2461031.75,A.D. 2025-Dec-22 06:00:00.0000,-247955322.83821863,254393854.35665196,-4168509.853680094
2461032.0,A.D. 2025-Dec-22 12:00:00.0000,-248119505.4549401,255765827.6699692,-4252522.353739116
2461032.25,A.D. 2025-Dec-22 18:00:00.0000,-248283348.6328684,257137451.3231934,-4336529.021625386
2461032.5,A.D. 2025-Dec-23 00:00:00.0000,-248446855.27490374,258508726.67988992,-4420529.797035028
2461032.75,A.D. 2025-Dec-23 06:00:00.0000,-248610028.25436127,259879655.10310626,-4504524.62117842
2461033.0,A.D. 2025-Dec-23 12:00:00.0000,-248772870.41527978,261250237.95520073,-4588513.436752409
2461033.25,A.D. 2025-Dec-23 18:00:00.0000,-248935384.5727264,262620476.597677,-4672496.187913101
2461033.5,A.D. 2025-Dec-24 00:00:00.0000,-249097573.51310015,263990372.3910226,-4756472.820249015
2461033.75,A.D. 2025-Dec-24 06:00:00.0000,-249259439.9944331,265359926.6945531,-4840443.280754894
2461034.0,A.D. 2025-Dec-24 12:00:00.0000,-249420986.74668786,266729140.86626032,-4924407.517805526
2461034.25,A.D. 2025-Dec-24 18:00:00.0000,-249582216.47205487,268098016.26266548,-5008365.4811304435
2461034.5,A.D. 2025-Dec-25 00:00:00.0000,-249743131.8452453,269466554.2386764,-5092317.121788721
2461034.75,A.D. 2025-Dec-25 06:00:00.0000,-249903735.51378277,270834756.14745045,-5176262.392144613
2461035.0,A.D. 2025-Dec-25 12:00:00.0000,-250064030.09829205,272202623.3402596,-5260201.245842968
2461035.25,A.D. 2025-Dec-25 18:00:00.0000,-250224018.19278544,273570157.1663615,-5344133.637785772
2461035.5,A.D. 2025-Dec-26 00:00:00.0000,-250383702.36494714,274937358.9728739,-5428059.524108438
2461035.75,A.D. 2025-Dec-26 06:00:00.0000,-250543085.1564143,276304230.10465324,-5511978.862157086
2461036.0,A.D. 2025-Dec-26 12:00:00.0000,-250702169.0830565,277670771.90417665,-5595891.610465725
2461036.25,A.D. 2025-Dec-26 18:00:00.0000,-250860956.63525203,279036985.7114285,-5679797.728734082
2461036.5,A.D. 2025-Dec-27 00:00:00.0000,-251019450.27816242,280402872.8637904,-5763697.177805797
2461036.75,A.D. 2025-Dec-27 06:00:00.0000,-251177652.45200348,281768434.6959343,-5847589.919646912
2461037.0,A.D. 2025-Dec-27 12:00:00.0000,-251335565.57231522,283133672.53972,-5931475.917324734
2461037.25,A.D. 2025-Dec-27 18:00:00.0000,-251493192.03022778,284498587.72409517,-6015355.134987214
2461037.5,A.D. 2025-Dec-28 00:00:00.0000,-251650534.19272614,285863181.5750003,-6099227.537842414
2461037.75,A.D. 2025-Dec-28 06:00:00.0000,-251807594.40291154,287227455.4152748,-6183093.092138568
2461038.0,A.D. 2025-Dec-28 12:00:00.0000,-251964374.98026106,288591410.56456745,-6266951.765144394
2461038.25,A.D. 2025-Dec-28 18:00:00.0000,-252120878.2208838,289955048.3392512,-6350803.525129681
2461038.5,A.D. 2025-Dec-29 00:00:00.0000,-252277106.3977755,291318370.05233806,-6434648.3413463645
2461038.75,A.D. 2025-Dec-29 06:00:00.0000,-252433061.76107046,292681377.01339996,-6518486.184009717
2461039.0,A.D. 2025-Dec-29 12:00:00.0000,-252588746.53829065,294044070.5284909,-6602317.024280259
2461039.25,A.D. 2025-Dec-29 18:00:00.0000,-252744162.93459246,295406451.9000715,-6686140.834245343
2461039.5,A.D. 2025-Dec-30 00:00:00.0000,-252899313.1330114,296768522.4269387,-6769957.586901823
2461039.75,A.D. 2025-Dec-30 06:00:00.0000,-253054199.2947041,298130283.4041547,-6853767.25613833
2461040.0,A.D. 2025-Dec-30 12:00:00.0000,-253208823.5591875,299491736.122982,-6937569.816718354
2461040.25,A.D. 2025-Dec-30 18:00:00.0000,-253363188.0445764,300852881.8708181,-7021365.244263335
2461040.5,A.D. 2025-Dec-31 00:00:00.0000,-253517294.84781775,302213721.931135,-7105153.515236192
